{"type": "FeatureCollection", "features": [{"type": "Feature", "properties": {"layer": "province", "state": "凉州"}, "geometry": {"type": "Polygon", "coordinates": [[[92.921225, 40.627922], [93.763576, 40.608546], [96.181331, 40.768259], [97.535073, 41.070706], [100.55679, 42.754611], [101.537858, 42.571678], [99.838713, 40.956448], [100.298177, 40.666656], [99.506878, 39.946432], [101.702095, 38.722411], [102.442343, 39.238319], [104.024942, 39.514556], [104.203622, 38.941138], [103.386797, 38.001887], [104.2802, 37.395986], [102.621024, 36.785147], [101.931827, 37.739938], [98.792156, 39.020509], [96.954299, 39.218546], [96.571412, 38.262903], [94.866434, 38.926348], [92.778293, 39.316015], [92.921225, 40.627922]]]}}, {"type": "Feature", "properties": {"layer": "province", "state": "幽州"}, "geometry": {"type": "Polygon", "coordinates": [[[114.272192, 39.926311], [114.872803, 40.635943], [116.129227, 40.671032], [116.497734, 40.487775], [117.29178, 40.561138], [117.76537744110534, 39.999113445839555], [118.292002, 39.995532], [119.539413, 40.551446], [119.68186580273539, 40.28855464816534], [119.544064, 40.549912], [120.355679, 41.458256], [123.948411, 42.269701], [124.577232, 41.203053], [124.714873, 40.314537], [126.467957, 38.983903], [126.418832, 37.865252], [126.104167, 37.752848], [125.588295, 38.035888], [125.623848, 37.755814], [125.260838, 37.701531], [124.728785, 38.120665], [125.425003, 39.361101], [124.291261, 39.912299], [121.124715, 38.694715], [121.08588, 38.92562], [121.624145, 39.093831], [121.637878, 39.196076], [121.560974, 39.323674], [121.25885, 39.372525], [121.228637, 39.584523], [121.514282, 39.618383], [121.448364, 39.764214], [121.912536, 40.078071], [122.253112, 40.484559], [122.137756, 40.599356], [122.145996, 40.693134], [122.088317, 40.659805], [121.948242, 40.693134], [121.830027, 40.947293], [121.671296, 40.847863], [121.166471, 40.889595], [120.932461, 40.714251], [120.483536, 40.233486], [119.860009, 39.959798], [119.539413, 39.892746], [119.527755, 39.80772], [119.352884, 39.736037], [119.294594, 39.358479], [118.944853, 39.128246], [118.530992, 39.11468], [118.659231, 39.015111], [118.466873, 38.924473], [118.041355, 39.22314], [117.610644, 38.798841], [117.359223, 38.829074], [115.659818, 38.826207], [115.743171, 39.550447], [115.672979, 39.557212], [115.422921, 39.286098], [114.536748, 38.911598], [114.405139, 38.75782], [113.786573, 38.641412], [113.821669, 38.768082], [113.810747, 38.987558], [114.272192, 39.926311]]]}}, {"type": "Feature", "properties": {"layer": "province", "state": "并州"}, "geometry": {"type": "Polygon", "coordinates": [[[113.395385, 36.747687], [113.450317, 36.688243], [113.409118, 36.540536], [113.708496, 36.412441], [113.746948, 36.235412], [113.56842, 35.628279], [113.373413, 35.489747], [113.271789, 35.429344], [113.164672, 35.422629], [113.115234, 35.333052], [112.068458, 35.263147], [112.046536, 35.037972], [111.876525, 35.08845], [111.659545, 34.985003], [111.560668, 34.849875], [111.143188, 34.813803], [110.96466, 34.710009], [110.912475, 34.732584], [110.813598, 34.617387], [110.736694, 34.655803], [110.464782, 34.606084], [110.242309, 34.621907], [110.223083, 34.917466], [110.607604, 35.643905], [110.390453, 36.765704], [110.4186618987356, 36.76098119546993], [110.671457, 37.49584], [112.211146, 38.112543], [112.809914, 38.928164], [113.804297, 38.990521], [113.815559, 38.729956], [113.587695, 37.980799], [113.770409, 37.509107], [113.384354, 37.11833], [112.27883460601149, 37.14231279441066], [113.387145, 37.107765], [113.546447, 36.945501], [113.395385, 36.747687]]]}}, {"type": "Feature", "properties": {"layer": "province", "state": "雍州"}, "geometry": {"type": "Polygon", "coordinates": [[[109.227234, 35.038331], [110.267437, 34.622948], [110.632914, 33.879339], [111.026504, 33.551951], [110.979648, 33.238994], [110.661028, 33.097796], [110.548573, 33.231156], [110.192467, 33.160579], [109.024895, 33.81948], [107.971359, 33.596488], [107.871617, 33.679529], [107.310562, 33.746942], [106.38489235825199, 33.50191475082332], [104.78897, 32.160136], [104.124732, 32.211829], [103.292526, 32.784926], [103.60953691099904, 33.297543021585405], [103.286354, 32.782407], [102.653589, 32.86723], [102.640066, 36.785117], [104.261456, 37.427134], [105.451988, 36.036886], [105.42056625295812, 36.020996206083204], [107.365756, 35.862119], [108.517131, 35.845629], [108.53339276908298, 35.35504701800119], [108.543136, 35.619381], [109.227234, 35.038331]]]}}, {"type": "Feature", "properties": {"layer": "province", "state": "司隶"}, "geometry": {"type": "Polygon", "coordinates": [[[110.824562, 34.638177], [111.180106, 34.824858], [111.427013, 34.824858], [112.02743666693733, 33.97670796356894], [111.428407, 34.836209], [111.558162, 34.839167], [111.64827, 34.978089], [111.875343, 35.093186], [112.037537, 35.040084], [112.055558, 35.275826], [113.11929983534687, 35.337206021380574], [113.16133001924248, 35.424317287826284], [113.27323745293614, 35.42891642012928], [113.56706866762488, 35.62716940893061], [113.92552819327466, 35.35447107475902], [114.00962710339041, 34.66805598342259], [113.20872131603164, 34.56185393768313], [113.241396, 34.351816], [113.22293, 33.736733], [112.19014213409511, 33.74325455487535], [111.036901, 33.542212], [110.622098, 33.87905], [110.508522, 34.243143], [110.257799, 34.62982], [110.824562, 34.638177]]]}}, {"type": "Feature", "properties": {"layer": "province", "state": "交州"}, "geometry": {"type": "Polygon", "coordinates": [[[105.52463796835053, 23.18684809041926], [106.09163132834317, 23.44133007250973], [106.1942556780229, 23.841919870679945], [105.90216206332371, 24.149251367619982], [106.00464696427349, 24.25607053500366], [107.04657098545368, 24.439188953455556], [107.58453273239263, 23.993490636377544], [108.69230681031695, 23.57581623740481], [108.69953004704115, 23.227283017676612], [109.57674391456038, 23.073032097563257], [109.8034703403514, 23.295156422890457], [110.47792370066969, 23.557434977737714], [111.33929220066966, 23.43356904075854], [111.52001012816375, 22.92420494870944], [111.40089499145904, 23.43778190681529], [111.65712408684789, 23.826004603139182], [111.88378887194972, 23.92513117496911], [111.87392445437547, 24.24903692452662], [112.07101655884651, 24.365795939962027], [111.96260120951786, 24.742274811825], [112.23852788463176, 25.18895764567543], [112.6918642582948, 25.072973991574273], [112.82981366048824, 24.867505425735672], [113.01706479992168, 24.894322969981587], [113.01706765618115, 25.153282546577643], [112.86922988609888, 25.29592097963385], [113.27328515890161, 25.50956714217348], [113.48021849979358, 25.331554718898985], [113.9532378118912, 25.438391988693553], [114.04196205037687, 25.287012688790554], [114.54459269872387, 25.384990712159478], [114.74169803569777, 25.23353935201237], [114.17992300086729, 24.64377562968106], [114.36716526957645, 24.53624339727179], [114.79093482717161, 24.59897866525958], [115.41176483134501, 24.76016348980022], [115.66798476987111, 24.607941894487695], [115.8454059504677, 24.563130490036173], [115.78629983603736, 24.76910689604577], [115.8454051942935, 24.912197277795812], [115.97350954690143, 24.93007207383117], [116.30857623191406, 24.83173075115596], [116.40711030421795, 24.867501024417706], [116.52542754613671, 24.643767065456046], [116.77171741146833, 24.67959839287927], [116.88998002981015, 24.347840097737247], [117.0279303064375, 24.09620338695595], [116.95902716389867, 23.862076208590167], [117.11681000159149, 23.63654056177552], [117.13653946216056, 23.410633968440862], [116.71277063286703, 23.33826424613717], [116.51567160072, 22.966749016200325], [115.80610645321286, 22.757889827474656], [114.52493901014373, 22.484992385654678], [114.2884063159508, 22.403027191713306], [114.21942952496653, 22.25716328647846], [113.94347932189737, 22.28453409984317], [113.71683167206965, 22.71244545961079], [113.59857009590712, 22.54871401529728], [113.54929596202743, 22.092882703525618], [113.21422343568616, 21.882705003483352], [113.0861076158497, 22.12940549238273], [112.91857329591414, 21.827821725016406], [112.29770464511495, 21.7179983097285], [111.93094720859385, 21.834122459240888], [111.9318924706181, 21.56741820123868], [110.68214683440414, 21.364421127665295], [110.49715235802915, 20.96413065865778], [110.17597076754402, 21.00343808264168], [110.48836233778138, 20.514832607893467], [110.64228795092231, 20.12542694719285], [111.02929394816312, 19.626589473484486], [110.6313961142381, 19.424476370483646], [110.43372961515979, 18.726751325207346], [109.43109181296353, 18.182601310075327], [108.64236457959794, 18.473199406438155], [108.63412661808508, 19.317161126062146], [109.22974049625424, 19.849183821829683], [109.90195184715827, 20.278115797236595], [109.63988276659654, 21.157447730857186], [109.97957722821963, 21.376799050916063], [109.58796506801838, 21.510954592577676], [109.04922824017706, 21.498831992843208], [108.70334370867795, 21.66902424481411], [108.56311292782141, 22.008743439327247], [108.48587332287559, 21.673690850596927], [108.06293064570738, 21.538918815148463], [106.783994, 20.765211], [106.025474, 19.944458], [105.639634, 18.843145], [107.023139, 17.133916], [106.500081, 16.976194], [103.882694, 19.288307], [104.4503, 20.428737], [104.844792, 21.389556], [105.101472, 21.736778], [104.868127, 22.202038], [105.148141, 22.676526], [105.474824, 22.644226], [105.276481, 22.902411], [105.468636, 23.194539], [105.79480753084805, 23.012358322516864], [105.52463796835053, 23.18684809041926]]]}}, {"type": "Feature", "properties": {"layer": "province", "state": "冀州"}, "geometry": {"type": "Polygon", "coordinates": [[[113.71138450476462, 36.414982843935945], [113.40963804277095, 36.541693511989806], [113.45271212109384, 36.68100175554582], [113.39967781423184, 36.74721856989051], [113.55174865645489, 36.944016203813476], [113.39221509554812, 37.105609550887635], [113.74096236507776, 37.10580358137672], [113.384399, 37.109955], [113.771667, 37.524975], [113.56842, 38.017803], [113.77904126147754, 38.06050087367307], [113.584981, 38.025273], [113.789508, 38.630318], [114.380897, 38.756124], [114.584027, 38.926435], [115.43061, 39.294329], [115.677713, 39.556166], [115.742538, 39.553517], [115.648781, 38.814357], [116.151382, 38.806631], [116.08979731775968, 38.72850290225678], [116.161408, 38.80822], [117.134957, 38.832044], [117.60633, 38.799631], [117.860641, 38.274305], [117.723312, 38.110248], [117.56401, 38.075663], [117.404708, 37.86347], [116.50526616632197, 37.857125889368746], [116.319036, 37.513674], [116.240329, 36.936858], [116.31792, 36.896919], [116.28067, 36.25867], [115.83435, 36.368221], [115.08831197566884, 36.403550130101316], [115.13367532655587, 36.19987447762176], [114.52054871434024, 35.575162236984], [113.93154176449076, 35.357111621588714], [113.578117541979, 35.62814101142692], [113.74879546482725, 36.229767433151], [113.71138450476462, 36.414982843935945]]]}}, {"type": "Feature", "properties": {"layer": "province", "state": "青州"}, "geometry": {"type": "Polygon", "coordinates": [[[117.57482003018342, 37.15344598757205], [117.23648, 37.039832], [117.133483, 36.821378], [117.000274, 36.728978], [116.839599, 36.728978], [116.570434, 36.425702], [116.279296, 36.257562], [116.317749, 36.897194], [116.240844, 36.93672], [116.301269, 37.457418], [116.505889, 37.857507], [117.408142, 37.861844], [117.56298, 38.075663], [117.724685, 38.110788], [117.860641, 38.274238], [118.043632, 38.180989], [118.163452, 38.17802], [118.155555, 38.139147], [118.498535, 38.092417], [118.535614, 38.052416], [118.777313, 38.148597], [118.914642, 38.123753], [119.002532, 37.951778], [119.091796, 37.918201], [119.098663, 37.84341], [119.163208, 37.808698], [119.263458, 37.859675], [119.207153, 37.768543], [119.13509121979834, 37.76396380301695], [119.20864096282054, 37.76396380301695], [119.26938274905513, 37.85694175920082], [119.29595728053295, 37.75195812065745], [119.25799366413673, 37.64682531697298], [119.18965915462331, 37.712926198763924], [119.02641560411848, 37.71592938473448], [118.91252475492985, 37.520469255408855], [118.96947017952499, 37.30336033223193], [119.25799366413673, 37.19759413315677], [119.28456819561296, 37.137089670754804], [119.74390894600725, 37.13404704491073], [119.90332492320641, 37.2640507656489], [119.83124427172089, 37.3637314771685], [120.10074309325006, 37.451146717939906], [120.24503822544779, 37.68888749882082], [120.72711517806454, 37.832904230065296], [120.95491003014962, 37.808928802409795], [121.14474758249463, 37.70089031825388], [121.1826471005507, 37.5776039505574], [121.38775254396836, 37.61976707478], [121.50160241311096, 37.457193856257234], [122.11285761713731, 37.55659286995133], [122.30267193488157, 37.43912597388568], [122.70901528722317, 37.40819087257155], [122.55329621191851, 37.33274192030974], [122.6140802240592, 37.178693086307604], [122.462205307938, 37.118171199178036], [122.4774351506938, 37.02733646017518], [122.54958133291149, 37.02734423708523], [122.51543655572232, 36.89693883080959], [122.33318504584327, 36.830120552248815], [122.19661408651984, 36.85746962687564], [122.15484153887638, 36.975812837564064], [122.03340560948368, 36.90604536654685], [121.94985702841257, 36.939410392277026], [121.64239456247617, 36.80580789227676], [121.62726564790933, 36.751099870672775], [121.44128412757186, 36.76326311738494], [121.37296198344296, 36.70242556293984], [120.97443932109849, 36.57451213409993], [121.00860257506343, 36.49522027059436], [120.87955537334062, 36.376129163966155], [120.79984861360748, 36.45249065362731], [120.68217078939381, 36.37307817677704], [120.69727173267955, 36.13442642731634], [120.32919917518137, 36.048454864341934], [120.01796535697991, 35.72249769272452], [119.77504840505651, 35.5744476437245], [119.61944332375117, 35.58989805686552], [119.03143312885953, 35.805815220544574], [118.83019828404633, 35.59002863966148], [118.61411084832002, 35.796617872867756], [117.96169677278306, 35.71971415807312], [117.72255776982149, 36.192659192778095], [117.8764432007996, 36.62074790548829], [117.6472151017337, 37.265720915085744], [117.57482003018342, 37.15344598757205]]]}}, {"type": "Feature", "properties": {"layer": "province", "state": "兖州"}, "geometry": {"type": "Polygon", "coordinates": [[[113.92933133059263, 35.358806730504654], [114.5216757726886, 35.583733304793874], [115.13304181248856, 36.202854582708156], [115.09095783648627, 36.404084303856976], [115.84196079972929, 36.369475165171664], [116.28146008715981, 36.26134119322434], [116.55895668373284, 36.41786147549516], [116.83647768865927, 36.72252435581338], [117.00763432798539, 36.72991865633362], [117.14177701129188, 36.80774619105817], [117.23429075917932, 37.037042549805236], [117.59047470338845, 37.15879723908945], [117.65523542051608, 37.26563217079175], [117.88174379169897, 36.61837564875056], [117.71988167196815, 36.19033359728621], [117.96958829557502, 35.72239806814983], [117.62741560812532, 35.519402182699565], [117.02152823067087, 35.4026128288332], [116.58670446375822, 35.40637520403813], [115.4580544453442, 35.236539189896135], [115.34703962030375, 35.50434015723275], [115.3809657827914, 35.57334206478661], [115.33785049570338, 35.56411304140322], [115.3462672909036, 35.4956160992605], [115.22562655969574, 35.41791557399657], [115.02642795907065, 35.36988362174553], [115.00398195317786, 35.266866553876085], [114.84126502213968, 35.16831066899668], [114.8917631452652, 35.090299251740944], [114.81835750155727, 34.829379713073095], [114.79772728226362, 34.5418827710032], [114.52998946730361, 34.44305054447521], [114.01589087174438, 34.66199859246757], [113.92933133059263, 35.358806730504654]]]}}, {"type": "Feature", "properties": {"layer": "province", "state": "豫州"}, "geometry": {"type": "Polygon", "coordinates": [[[113.50678595755488, 32.517341504896734], [113.41075486441343, 33.37577546155886], [113.46199913423686, 33.593382490183075], [113.59826818321778, 33.53835369325645], [113.21916998998773, 33.74052884573973], [113.24601327172917, 34.35690577543967], [113.2086218841664, 34.555885045676305], [114.00636915305597, 34.656606298534115], [114.52732844363379, 34.45266344298709], [114.62710349518721, 33.787857430804976], [114.53451689922002, 34.43652409532744], [114.8075634716342, 34.55207290887626], [114.889527043861, 35.09432855604136], [114.84790502641079, 35.151067814662824], [115.00050840054013, 35.264430683253536], [115.01898626242382, 35.36632726149507], [115.2085882866553, 35.40780729333733], [115.3380831113667, 35.490692524002554], [115.45832830573988, 35.234226198487676], [116.58934755050171, 35.390638669942874], [116.61709932908695, 35.13385965663831], [117.05646795724749, 34.77754742667024], [117.20445481341784, 34.46927839435689], [116.28908840082539, 34.43744791453754], [116.76766351294344, 34.44954429796914], [116.84619730668481, 34.36623568493718], [116.94792301113114, 34.395470688608285], [117.05141908060551, 34.21919582894863], [117.02921071406467, 34.14192187456537], [117.19371165889248, 34.06933457130012], [117.33780886660105, 34.08224413351084], [117.42379484632517, 34.0320232540665], [117.51234923204845, 34.059031621977795], [117.55886802515306, 33.999897465719656], [117.6303340212815, 34.0317702659749], [117.67865546316676, 33.98395884578116], [117.67109233161472, 33.93213078626103], [117.7477668831325, 33.881476951979806], [117.72818801972824, 33.73165046805201], [118.13828694231546, 33.76078243098999], [118.19505254164255, 33.726101341836184], [118.09980272426168, 33.59248227266602], [118.11112682821641, 33.51680435079621], [117.99146249634879, 33.42304895548193], [117.93111247434211, 33.19998702287987], [117.7393726234721, 33.138535877269604], [116.57133847476013, 33.21893542185158], [116.53001163846977, 33.09827024571862], [116.37180587824201, 33.1697604725191], [115.81731355497072, 32.90043801879875], [116.01253991247216, 32.71266842226048], [115.97739199971403, 32.599429522487625], [115.83236732688482, 32.50816251219622], [115.6040546807559, 32.44206333767838], [115.39269793311684, 32.564192520459024], [115.59073862759959, 32.42932811570185], [115.85892751826776, 32.51302109889177], [115.93752936045382, 31.734864891837162], [115.63516795213246, 31.748168828869154], [115.38722601811213, 31.52042334858868], [115.35385715809099, 31.4158152729985], [115.2311357988055, 31.393812518574705], [115.23211546268647, 31.537233652219044], [115.1474512574577, 31.586130571457247], [114.83274539139308, 31.466780289032855], [114.78212217631244, 31.520535814394975], [114.55051916161472, 31.557161906835034], [114.56612297066812, 31.744428086017678], [114.30644182917251, 31.755951142016173], [114.1643313350865, 31.84668187400689], [113.98259298506173, 31.74921927311746], [113.92118895117363, 31.869814511295388], [113.82274911008301, 31.86899820367657], [113.73332990044736, 32.117523289988966], [113.7526256750188, 32.32172225019069], [113.67248979597974, 32.42521710604281], [113.56197269091712, 32.32631272070233], [113.40234322628532, 32.28500750861586], [113.39663577414814, 32.36669082200757], [113.50678595755488, 32.517341504896734]]]}}, {"type": "Feature", "properties": {"layer": "province", "state": "徐州"}, "geometry": {"type": "Polygon", "coordinates": [[[119.38243102079355, 35.08903291484752], [119.19455750901813, 35.03236910169973], [119.19611223714054, 34.82842874360907], [119.45333648110534, 34.748024604310075], [119.49888887747107, 34.62435290301801], [119.9766989086163, 34.42902840940985], [119.90385799975576, 34.342547765107824], [120.062480133944, 34.38225452526716], [120.2474258691974, 34.30596376000824], [120.5693090474798, 33.71433064758723], [120.9467391750976, 32.89356646867735], [120.9917807152637, 32.58449749471549], [121.39418877454943, 32.399283238947476], [121.90922230503219, 31.832727483970316], [121.92002395727297, 31.6729599826664], [122.0353944474636, 31.462458004507226], [121.8702027357283, 31.42322181325602], [121.1222485397389, 31.693494455487482], [120.51184121145417, 31.99021679075595], [119.97760947635601, 31.956128741482644], [119.87703513303006, 32.21472755263389], [119.54391818194728, 32.39973901645503], [119.32206024882043, 32.77374167354894], [119.20987758866818, 32.674980679924985], [119.22845716282, 32.5676585885698], [119.06142288263106, 32.47261517880489], [118.78014421706621, 32.60266791414118], [118.70715004758898, 32.73041009776327], [118.3254030985587, 32.75382685304399], [118.23465379667789, 32.930796265408944], [118.31018445404436, 32.958283340417125], [118.18032662937327, 33.20492045155791], [118.22523716020731, 33.35900818639702], [118.26965126773467, 33.228889056594284], [118.35847697594431, 33.23306778968013], [118.27924487965498, 33.24543726430541], [118.20965635534452, 33.400926323815156], [118.16625925073157, 33.21643560369537], [118.02779203308745, 33.14751927039349], [117.92721279118467, 33.21651684582474], [118.00353467106237, 33.44346357421844], [118.11351705348483, 33.50965442735877], [118.10171294825005, 33.61003491238331], [118.18059920230593, 33.74044535176618], [118.12433334487287, 33.7652937383142], [117.7263123607886, 33.72302021567751], [117.74311770560678, 33.8797983210937], [117.6634069179018, 33.92706295338155], [117.66495902190161, 34.00849298617723], [117.61356209624813, 34.03224460169183], [117.54828325942731, 33.99495052991695], [117.50995336579427, 34.06006081460794], [117.41236520280557, 34.02380206805201], [117.32879514173118, 34.08575351600096], [117.18377722533023, 34.062538020326116], [117.03218130751623, 34.1554468974625], [117.03309693914184, 34.2276107386151], [116.94602459839984, 34.39304948908338], [116.83984236481308, 34.37823450766372], [116.74977266163012, 34.45695828808768], [117.20928647311803, 34.46813501948212], [117.3845158338129, 34.57686188827875], [117.21787660103462, 34.4736595033753], [117.04672621423498, 34.76671863487218], [116.61197600219344, 35.138221433170926], [116.58889067790608, 35.40631177278077], [117.0098420897449, 35.40253116853249], [117.60649956455006, 35.511747335363026], [117.97185231327995, 35.71845977959656], [118.60995686450502, 35.79729792768097], [118.80884116416462, 35.59078487782182], [119.02615950773423, 35.812324812450086], [119.41920588938791, 35.703487746166516], [119.62292845380478, 35.594591263602524], [119.38243102079355, 35.08903291484752]]]}}, {"type": "Feature", "properties": {"layer": "province", "state": "益州"}, "geometry": {"type": "Polygon", "coordinates": [[[102.42397141704384, 22.73371129764071], [102.19997896701045, 22.39465829818994], [101.73896164581879, 22.480093633124483], [101.58704934525429, 22.18383522447388], [101.76841209145505, 21.165051832881886], [101.22717590321656, 21.33624893592838], [101.15363717409838, 21.741701240960026], [100.21201952706139, 21.475047797666207], [99.97974064066744, 22.008853830494672], [99.28468233610613, 22.173241314052916], [99.51594492830469, 23.02015797549302], [98.89089129938299, 23.25359030777578], [98.8811958877422, 24.183541862421464], [97.72853488588856, 23.897860399090746], [97.02514262257154, 23.620584119247482], [96.72227790384198, 24.03151069044611], [96.62467356239222, 24.414562330565175], [95.82381376118343, 24.938207398394], [96.02885214748608, 25.106333145268977], [95.98005066075922, 25.600618174259907], [96.20479016635392, 25.6182673024463], [96.25369578936721, 26.91447443038112], [98.31493497917029, 27.54840411406964], [97.6613135426793, 28.505040972386638], [97.57333932409324, 28.556536931666727], [97.12444680792635, 29.103877452848508], [96.87081830037403, 30.046271224258746], [97.83721769655995, 29.70773393252655], [98.57917123023395, 29.665363631129424], [99.07709471506888, 29.995693620005042], [99.00876521901131, 29.63141929784149], [99.1648113281787, 28.39348283721104], [99.33081156471383, 28.23015323106793], [99.41873357846902, 28.556527971565075], [99.71073658113924, 28.82923090654584], [99.69781375244611, 28.853039729690323], [101.00537535969693, 30.045307200898904], [101.98368925483133, 30.028971996501916], [102.9960871802113, 32.06784429686978], [103.04459971907178, 32.04687091346898], [103.00313692444394, 32.06494489807531], [103.29507739585017, 32.78660479175642], [104.13013280206059, 32.208482633133926], [104.79971139234908, 32.15804337833718], [106.37371229304324, 33.49156936602077], [107.31455299836546, 33.74639714297274], [107.85743993364838, 33.67221534834292], [108.19970497043965, 33.38378533755936], [108.27366988792295, 32.94938876565969], [107.80536351596572, 32.32810197245975], [107.9762242949311, 32.1532609570445], [108.4301485477879, 32.269493593712085], [109.35863853469561, 31.703241176384765], [109.55720622964026, 31.7561083668015], [109.74335723235964, 31.56012773583788], [109.94267338721716, 31.52214798612097], [110.13225563640248, 31.424475261903808], [110.20234254194361, 31.160375790634504], [110.1185681905327, 31.099697425531375], [110.16275576803906, 30.959486883224244], [110.01713292561328, 30.796307466888862], [110.01270180278351, 30.87981569652763], [109.89334937422484, 30.898784875391584], [109.34540173792038, 30.503519897589683], [109.30554991054277, 30.636710220742785], [109.13322499991085, 30.51113416898859], [109.0885424619895, 30.564342504375162], [109.12420424520832, 30.613869332901544], [109.07069176512528, 30.651843247705585], [108.7696993023228, 30.495693985494697], [108.65804413600057, 30.5983806155906], [108.40956078994287, 30.464861220274727], [108.41071974964149, 30.423111899131456], [107.76417852790019, 30.65548257119238], [107.6580892835826, 30.726145671216514], [107.75094485479099, 30.655208966655792], [108.41914850616445, 30.41788052115389], [108.55011889987964, 30.269273123958072], [108.50186140661424, 29.887924122073642], [108.38490127237526, 29.846149982671648], [108.2537632280517, 29.072500287701075], [107.8201502450375, 28.952252326304787], [107.75156604807961, 29.163087410206913], [107.41393676571738, 29.180994331321315], [107.4276891782713, 28.904063770684346], [107.22139828963759, 28.759467356468633], [107.14548545691247, 28.898098969442245], [106.84873875719308, 28.74088677188358], [106.75218767494802, 28.528083613587334], [106.91401179367398, 27.64334638696451], [106.63804173487887, 26.60848401344174], [106.72681606100332, 25.404025777241216], [107.07173361273544, 24.73456688369376], [107.07171681040182, 24.47475577630128], [106.08629470889889, 24.27727156035003], [105.94833035653511, 24.1694391760374], [106.21441545266634, 23.845332661898752], [106.09611143920665, 23.493476873030886], [105.49500930650538, 23.20400006401995], [105.27214811902763, 22.891692839902817], [104.86373696883544, 22.936511468573784], [104.32724143215012, 22.726107821244227], [104.14035835052505, 22.812830985114047], [103.93098354249884, 22.557564767758322], [103.61460150879543, 22.862155859193393], [102.46788291919131, 22.69614923341335], [102.21702777645646, 23.140480024264804], [102.84710834056573, 23.64915922359223], [102.21560207222075, 23.17897393433897], [101.52019159858975, 24.229889514073705], [101.53816554818697, 24.728370566613815], [101.51263296280354, 24.236167034506025], [102.42397141704384, 22.73371129764071]]]}}, {"type": "Feature", "properties": {"layer": "province", "state": "荆州"}, "geometry": {"type": "Polygon", "coordinates": [[[106.86804281154753, 25.154162993986503], [106.94887864632442, 25.250580939487907], [106.86139867202928, 25.181771684634867], [106.7424447108462, 25.407639591207], [106.64379617477806, 26.623836784967835], [106.88563758716828, 27.677584705955866], [106.7782522401684, 28.611338147540238], [107.1514516606598, 28.906079131209893], [107.25009275912129, 28.71410390502652], [107.4484401305051, 28.88817019577688], [107.4122398057753, 29.164728259592408], [107.7704681192102, 29.178882667187324], [107.86661106118385, 28.9859280105493], [108.20895718069198, 29.075641721410676], [108.52504690337025, 29.85699648090099], [108.57265895905049, 29.79979768012713], [108.50427852733617, 29.88416744968994], [108.52175703975064, 30.289232055571333], [108.40029376008607, 30.46214514152338], [108.67162555722172, 30.58860194792956], [108.77447516526371, 30.498662655368975], [109.07607377327554, 30.632101298802596], [109.11969756016777, 30.510086230271412], [109.30065615752852, 30.619453041798224], [109.34932071593101, 30.489764761144414], [109.89985495785464, 30.90333227202771], [110.00021264666623, 30.842711448199765], [110.15834868788585, 30.961408710807262], [110.09403209962187, 31.124859573556577], [110.61966203872036, 31.24600867013515], [110.2127085626218, 31.15910291038631], [110.10976822365774, 31.434542094544256], [109.73601489676236, 31.566378448038293], [109.543894600329, 31.75806252867534], [111.40392850092013, 32.43236030318036], [111.55757500571235, 32.59753396373415], [111.38699809874225, 32.43238579910059], [109.35128776934852, 31.70637898289536], [108.42774781695795, 32.276025979121485], [107.97435436079206, 32.14818855101848], [107.79808759707635, 32.31861054718789], [108.26580896562302, 32.95398301609333], [108.204350086202, 33.38594940770797], [107.94990366430113, 33.58089196670217], [109.0377382445825, 33.81610768939068], [110.1879240775956, 33.16762990655599], [110.53923492712192, 33.21937163559012], [110.649480585265, 33.09255572007727], [110.97701223058264, 33.2243583506704], [111.0157495618119, 33.5421571055431], [112.19415808536672, 33.74204664853259], [113.21578702700651, 33.74750779573796], [113.3481249629827, 33.64382082811255], [113.47593091662236, 33.605966268217344], [113.41550347465801, 33.357245454092734], [113.48784984399958, 32.519392030761736], [113.44246825063846, 32.49893962572874], [113.41313837381632, 32.28047339322741], [113.54825478569711, 32.323505171416855], [113.67033812339218, 32.42210529990696], [113.7550206699712, 32.32576397807195], [113.7281330221034, 32.11758228485044], [113.82964319448405, 31.872723128591716], [113.91777627880333, 31.86393529919205], [113.98757181995978, 31.75278380511803], [114.0233732648062, 31.772020875770366], [114.03665780751038, 31.48279028621684], [113.70753198471635, 31.165550572339725], [113.58428170414322, 30.994611587141407], [113.54861113597156, 31.008237714079435], [113.58453808111636, 30.993529240080477], [113.71308633234241, 31.165758809915346], [114.03820376574913, 31.46955977137938], [114.02789920837921, 31.77674001400726], [114.17421098712572, 31.857948838643964], [114.3186356383685, 31.741296894616596], [114.57224589853047, 31.74060511178422], [114.5704265083848, 31.553317290742655], [114.79127656756407, 31.516158604641376], [114.82819849771914, 31.47081109735042], [115.15242844133184, 31.586033604680523], [115.23494979790127, 31.5326856747229], [115.2392113495635, 31.40723355791495], [115.3725446650406, 31.41195576373329], [115.5659945960727, 31.15605660505696], [115.69036829853695, 31.20476784006847], [116.0648638118654, 30.987466704956475], [115.87776167072622, 30.85396231188652], [115.75901639929054, 30.693388151618663], [115.92984322728438, 30.43216310529361], [115.89534473759602, 30.320893217636467], [116.05025496393017, 30.211804573267614], [116.15486144194318, 29.838733214771253], [116.28970045736793, 29.734537185458635], [116.21123103456966, 29.672436403818367], [115.97124621581963, 29.687765034315007], [115.50098542360536, 29.82936214181261], [115.35529847389785, 29.65069143909936], [115.11819229013315, 29.661378277742557], [115.1414568485082, 29.521397780396313], [114.87153384418644, 29.404989312528613], [114.57396942200717, 29.35790814557214], [114.27382224743582, 29.36627723204097], [114.26400872985391, 29.21925814781909], [114.07779531865424, 29.198695916310598], [113.94093117880158, 29.059154549195497], [114.1155750573842, 28.861725238386555], [114.14920504840563, 28.770585474316334], [114.08107396438157, 28.56587379259527], [114.18219214350944, 28.497075729669803], [114.25158541935792, 28.315623388815297], [114.00206639796056, 28.17235629916], [114.04197544576584, 28.06073446692963], [113.74504200959854, 27.940449809609774], [113.77320006255775, 27.821202194522925], [113.58468846801128, 27.543445230396614], [113.60591753857187, 27.375651695470097], [113.87431989185211, 27.38258455277004], [113.7795111809956, 27.115151137095296], [113.86878780001592, 27.033717158055623], [113.46437305932187, 26.81881211309681], [113.26121027190294, 26.897689270742735], [113.45139244328357, 26.809900411748018], [113.87377638964608, 27.025711096909177], [113.89224497427074, 26.919779275234333], [113.83432093071696, 26.809690254114898], [113.86966659526502, 26.63980278729626], [114.08591557835342, 26.563975467544836], [114.0165311740468, 26.25142146272914], [113.94474625588003, 26.177569024811945], [114.19083499469622, 26.211336677328347], [114.20760172956955, 26.134810540085226], [113.99185433763114, 26.02503688308383], [114.02345757616183, 25.883837304025917], [113.922913325011, 25.645606003874875], [113.9457355504083, 25.43119257027338], [113.50720199326565, 25.33971238167794], [113.25930621329326, 25.50052001094936], [112.89395357600847, 25.29691765582332], [113.00012504788742, 25.171616138163316], [113.0173491819283, 24.93113055298153], [112.83145933222403, 24.868541307615757], [112.68037981327035, 25.06616529316352], [112.23636839269614, 25.185099810424774], [111.986622887377, 24.732492268511734], [111.78200542640252, 24.79366906886348], [111.65219724258372, 24.762640319271583], [111.61858414121407, 24.733139150551562], [111.72298696036955, 24.772841847009218], [111.96775837237061, 24.725222588432075], [112.06338618812259, 24.384557475756836], [111.88027573962086, 24.272174663552903], [111.87623586947751, 23.936438637315817], [111.66054923652291, 23.811365327776713], [111.36089048995723, 23.424728614831153], [110.49241074928568, 23.555569664520434], [109.78598641651405, 23.26307098413261], [109.63341220915703, 23.06547362773567], [108.72377867098874, 23.189418009003717], [108.68191730503122, 23.576142050929462], [107.5587350694467, 23.986645821447894], [107.08397720133559, 24.411411939998445], [107.0549820630178, 24.74524766056372], [106.86804281154753, 25.154162993986503]]]}}, {"type": "Feature", "properties": {"layer": "province", "state": "扬州"}, "geometry": {"type": "MultiPolygon", "coordinates": [[[[121.78535231427952, 24.860708553742896], [121.87202074862961, 24.497169323359245], [121.33710091741, 23.05934553163401], [121.16631758588915, 22.75810140351321], [120.9290149281785, 22.508913330704786], [120.87085839282861, 21.92028174121981], [120.72504191766927, 21.86862494945126], [120.61403943725816, 22.322198252896484], [120.27775352390887, 22.575351540660506], [120.09824479121534, 23.035726843288174], [120.10975362442014, 23.63966098592236], [120.59788146085714, 24.385005019426927], [120.90615826067454, 24.693669386093077], [120.9652151511358, 25.01372552485803], [121.61904770923559, 25.27636451031924], [121.98121405632713, 24.97179303676974], [121.78535231427952, 24.860708553742896]]], [[[119.80151419315212, 26.475902086821236], [119.9574801214402, 26.326842185321652], [119.65599447879254, 26.247703044170095], [119.71318186483211, 25.939534603601473], [119.61960700893377, 25.710498775242655], [119.88990856331009, 25.583757180564746], [119.78594986867955, 25.400794691619055], [119.59883084735867, 25.349123997616203], [119.25057972812294, 25.452429051758642], [119.37532547421551, 25.26924141135781], [118.77757676023043, 24.755812966738574], [118.6320388268644, 24.538499784005054], [118.36241963858981, 24.386764483587072], [117.89165477535789, 24.39385328017812], [118.03829455814645, 24.189853986412487], [117.13561402769659, 23.6217665180136], [116.97653967091156, 23.8505605175487], [117.02314390710819, 24.111492197147285], [116.76467337121221, 24.675188324893], [116.51870576729607, 24.668001116366796], [116.4135828318827, 24.858748525976793], [115.8914293369101, 24.93062081673947], [115.80170236435282, 24.744255983061535], [115.85481078900011, 24.55576210766442], [115.3912146591083, 24.759185596773605], [114.34850764350546, 24.536417825328968], [114.19557370858661, 24.60682627582952], [114.73563931015855, 25.23984661963914], [114.54014275690793, 25.381673203263702], [114.0428960351033, 25.300059684409376], [113.92170954797274, 25.443474858222473], [114.0180928977831, 25.879032025190938], [114.00282542231145, 26.031406511445837], [114.22171146764805, 26.143591450647676], [114.20671132396018, 26.20260334977037], [113.94635295644457, 26.17853725352859], [114.08027355108487, 26.577348055210706], [113.85065460898085, 26.633242225058964], [113.82492092445312, 26.80106629101887], [113.90736148675097, 26.911485222994486], [113.77721048635726, 27.123468857630684], [113.85625622182323, 27.37397706643884], [113.60957073784789, 27.37889397902532], [113.57348788392392, 27.562380145355277], [113.7663703119, 27.816881992338537], [113.74738763492326, 27.939557937117883], [114.02844610142552, 28.05953601225282], [114.00383564834038, 28.182529959325947], [114.2554720308429, 28.32806801778878], [114.08816960306405, 28.590055903567745], [114.12457368010337, 28.86051696602027], [113.93136518847962, 29.063502867410463], [114.06718735379911, 29.200281346669527], [114.27042481741978, 29.240742532176995], [114.26422910340807, 29.36556082154624], [114.57919571844877, 29.357697990472474], [114.85280151306449, 29.40903350143502], [115.13938537680531, 29.52755851257902], [115.11381340592493, 29.6667929934506], [115.35591206353729, 29.658351575019452], [115.50342247697591, 29.845824643166125], [116.0059174520498, 29.68235065148555], [116.20337734277632, 29.673536608231487], [116.49674631000654, 29.857389629463235], [116.27998188984378, 29.731922228204695], [116.15593760715387, 29.820256540364284], [116.04181554030902, 30.206310064725457], [115.90121639626989, 30.31605553078674], [115.92141484391072, 30.420644031910186], [115.75997234411034, 30.679709557888756], [115.84879472009806, 30.83090344460048], [116.05998038874412, 30.969989030564506], [115.69168348455929, 31.197518446319904], [115.55270548978518, 31.16993587334703], [115.33976296705174, 31.434178391542346], [115.6446837048747, 31.754638833742263], [115.92916189528302, 31.739360730961756], [115.85316750097297, 32.50702265352619], [115.98370803552234, 32.60258191415569], [116.0126743936255, 32.701159325380445], [115.81963220610692, 32.90317037172825], [116.37342739540054, 33.165328573556806], [116.55532500226991, 33.10346292539096], [116.57466314669807, 33.21137055806663], [117.71280979666795, 33.1281251720295], [117.93325815397031, 33.19988009714646], [118.03391389171617, 33.14310931191379], [118.18170897313883, 33.21764225099058], [118.21900754688386, 33.06342505506258], [118.29886628699626, 32.9592608011085], [118.22185534906197, 32.919772969796284], [118.35732224554954, 32.71966350184883], [118.691034860083, 32.73486623032386], [118.79926039755213, 32.59892644398542], [118.73948348805048, 32.59751895370194], [118.88011408033975, 32.573660472167745], [119.07100642674112, 32.46046642912313], [119.19841429010393, 32.561498203989515], [119.2266509053241, 32.692082391965954], [119.32401338928014, 32.78012045992445], [119.53916965097949, 32.41019340859819], [119.8949390323657, 32.20485033134865], [119.89753005604587, 32.06942682442818], [119.96978091568593, 31.937943797212526], [120.08210513421824, 31.913442152350026], [120.5078640428697, 31.993613753950115], [120.87198527134342, 31.789264588176565], [121.11729075937126, 31.702071426195076], [121.68742751529476, 31.300555059124704], [122.02194928794893, 30.92492562143417], [121.65951086601177, 30.83521202767878], [121.15542132683396, 30.603012740732893], [120.93613807139644, 30.483422407140083], [120.84011415453597, 30.301860575981607], [120.62982838695424, 30.364353577876816], [120.83763424170371, 30.209531127385674], [121.31472491292038, 30.388451578114214], [121.74910414090118, 29.99670906219974], [122.16233633049762, 30.315653415220126], [122.4342532841145, 29.920559880245193], [122.0440199929858, 29.549772661842397], [121.9435597353177, 29.308929585156747], [121.98339421265945, 29.05109576860788], [121.61836212444382, 29.135258673947902], [121.69260222017289, 28.745451569310703], [121.5469054970971, 28.681500045925205], [121.59633680752455, 28.26565727872361], [121.46758945036294, 28.317408479160278], [121.31431157687052, 28.117361962916746], [121.15508587086208, 28.066967061286746], [121.18794603325671, 28.387572304989575], [120.99452455739356, 28.02931413756201], [121.1288617790537, 27.87007470944164], [121.0001087586225, 27.908749885079857], [120.73463296848104, 27.72867800414815], [120.68459924516691, 27.657774136826717], [120.64788787174024, 27.371579265085202], [120.56022856960931, 27.451455882811402], [120.5163683440918, 27.251562499827372], [120.07696307866343, 26.88456258240275], [120.10299556105673, 26.643219466420362], [119.80151419315212, 26.475902086821236]]]]}}, {"type": "Feature", "properties": {"layer": "faction", "faction": "wei"}, "geometry": {"type": "Polygon", "coordinates": [[[114.79817335875605, 34.54809916772081], [115.66889515928767, 34.421772015266214], [116.76766351294344, 34.44954429796914], [116.84619730668481, 34.36623568493718], [116.94792301113114, 34.395470688608285], [117.05141908060551, 34.21919582894863], [117.02921071406467, 34.14192187456537], [117.19371165889248, 34.06933457130012], [117.33780886660105, 34.08224413351084], [117.42379484632517, 34.0320232540665], [117.51234923204845, 34.059031621977795], [117.55886802515306, 33.999897465719656], [117.6303340212815, 34.0317702659749], [117.67865546316676, 33.98395884578116], [117.67109233161472, 33.93213078626103], [117.7477668831325, 33.881476951979806], [117.72818801972824, 33.73165046805201], [118.13828694231546, 33.76078243098999], [118.19505254164255, 33.726101341836184], [118.09980272426168, 33.59248227266602], [118.11112682821641, 33.51680435079621], [117.99146249634879, 33.42304895548193], [117.93111247434211, 33.19998702287987], [117.7393726234721, 33.138535877269604], [116.57133847476013, 33.21893542185158], [116.53001163846977, 33.09827024571862], [116.37180587824201, 33.1697604725191], [115.81731355497072, 32.90043801879875], [116.01253991247216, 32.71266842226048], [115.97739199971403, 32.599429522487625], [115.83236732688482, 32.50816251219622], [115.6040546807559, 32.44206333767838], [115.39269793311684, 32.564192520459024], [115.59073862759959, 32.42932811570185], [115.85892751826776, 32.51302109889177], [115.93752936045382, 31.734864891837162], [115.63516795213246, 31.748168828869154], [115.38722601811213, 31.52042334858868], [115.35385715809099, 31.4158152729985], [115.2311357988055, 31.393812518574705], [115.23211546268647, 31.537233652219044], [115.1474512574577, 31.586130571457247], [114.83274539139308, 31.466780289032855], [114.78212217631244, 31.520535814394975], [114.55051916161472, 31.557161906835034], [114.56612297066812, 31.744428086017678], [114.30644182917251, 31.755951142016173], [114.1643313350865, 31.84668187400689], [113.98259298506173, 31.74921927311746], [113.92118895117363, 31.869814511295388], [113.82274911008301, 31.86899820367657], [113.73332990044736, 32.117523289988966], [113.7526256750188, 32.32172225019069], [113.67248979597974, 32.42521710604281], [113.56197269091712, 32.32631272070233], [113.41332280421545, 32.27883987593411], [112.83675494954076, 32.690551560751814], [112.38421333416659, 32.71787880272679], [111.57257097304432, 32.61902781432113], [110.96778508607069, 33.23373689209406], [110.661028, 33.097796], [110.548573, 33.231156], [110.192467, 33.160579], [109.024895, 33.81948], [107.971359, 33.596488], [107.871617, 33.679529], [107.310562, 33.746942], [106.369238, 33.497771], [106.4813718522474, 33.871188788309475], [104.1777126666032, 34.20318434215659], [103.286354, 32.782407], [102.653589, 32.86723], [102.640066, 36.785117], [102.89323827644378, 36.88536487707189], [102.621024, 36.785147], [101.931827, 37.739938], [98.792156, 39.020509], [96.954299, 39.218546], [96.571412, 38.262903], [94.866434, 38.926348], [92.778293, 39.316015], [92.921225, 40.627922], [93.763576, 40.608546], [96.181331, 40.768259], [97.535073, 41.070706], [100.55679, 42.754611], [101.537858, 42.571678], [99.838713, 40.956448], [100.298177, 40.666656], [99.506878, 39.946432], [101.702095, 38.722411], [102.442343, 39.238319], [104.024942, 39.514556], [104.203622, 38.941138], [103.386797, 38.001887], [104.261456, 37.427134], [105.451988, 36.036886], [105.42056625295812, 36.020996206083204], [107.365756, 35.862119], [108.517131, 35.845629], [108.53339276908298, 35.35504701800119], [108.543136, 35.619381], [109.227234, 35.038331], [110.2415693402362, 34.633277701140706], [110.223083, 34.917466], [110.607604, 35.643905], [110.390453, 36.765704], [110.4186618987356, 36.76098119546993], [110.671457, 37.49584], [112.211146, 38.112543], [112.809914, 38.928164], [113.804297, 38.990521], [113.81495802843185, 38.74386047137744], [113.810747, 38.987558], [114.272192, 39.926311], [114.872803, 40.635943], [116.129227, 40.671032], [116.497734, 40.487775], [117.29178, 40.561138], [117.76537744110534, 39.999113445839555], [118.292002, 39.995532], [119.539413, 40.551446], [119.68186580273539, 40.28855464816534], [119.544064, 40.549912], [120.355679, 41.458256], [123.948411, 42.269701], [124.577232, 41.203053], [124.714873, 40.314537], [126.467957, 38.983903], [126.418832, 37.865252], [126.104167, 37.752848], [125.588295, 38.035888], [125.623848, 37.755814], [125.260838, 37.701531], [124.728785, 38.120665], [125.425003, 39.361101], [124.291261, 39.912299], [121.124715, 38.694715], [121.08588, 38.92562], [121.624145, 39.093831], [121.637878, 39.196076], [121.560974, 39.323674], [121.25885, 39.372525], [121.228637, 39.584523], [121.514282, 39.618383], [121.448364, 39.764214], [121.912536, 40.078071], [122.253112, 40.484559], [122.137756, 40.599356], [122.145996, 40.693134], [122.088317, 40.659805], [121.948242, 40.693134], [121.830027, 40.947293], [121.671296, 40.847863], [121.166471, 40.889595], [120.932461, 40.714251], [120.483536, 40.233486], [119.860009, 39.959798], [119.539413, 39.892746], [119.527755, 39.80772], [119.352884, 39.736037], [119.294594, 39.358479], [118.944853, 39.128246], [118.530992, 39.11468], [118.659231, 39.015111], [118.466873, 38.924473], [118.041355, 39.22314], [117.60646942792219, 38.79934298606174], [117.860641, 38.274305], [117.72355934907277, 38.110543490004524], [117.860641, 38.274238], [118.043632, 38.180989], [118.163452, 38.17802], [118.155555, 38.139147], [118.498535, 38.092417], [118.535614, 38.052416], [118.777313, 38.148597], [118.914642, 38.123753], [119.002532, 37.951778], [119.091796, 37.918201], [119.098663, 37.84341], [119.163208, 37.808698], [119.263458, 37.859675], [119.207153, 37.768543], [119.13509121979834, 37.76396380301695], [119.20864096282054, 37.76396380301695], [119.26938274905513, 37.85694175920082], [119.29595728053295, 37.75195812065745], [119.25799366413673, 37.64682531697298], [119.18965915462331, 37.712926198763924], [119.02641560411848, 37.71592938473448], [118.91252475492985, 37.520469255408855], [118.96947017952499, 37.30336033223193], [119.25799366413673, 37.19759413315677], [119.28456819561296, 37.137089670754804], [119.74390894600725, 37.13404704491073], [119.90332492320641, 37.2640507656489], [119.83124427172089, 37.3637314771685], [120.10074309325006, 37.451146717939906], [120.24503822544779, 37.68888749882082], [120.72711517806454, 37.832904230065296], [120.95491003014962, 37.808928802409795], [121.14474758249463, 37.70089031825388], [121.1826471005507, 37.5776039505574], [121.38775254396836, 37.61976707478], [121.50160241311096, 37.457193856257234], [122.11285761713731, 37.55659286995133], [122.30267193488157, 37.43912597388568], [122.70901528722317, 37.40819087257155], [122.55329621191851, 37.33274192030974], [122.6140802240592, 37.178693086307604], [122.462205307938, 37.118171199178036], [122.4774351506938, 37.02733646017518], [122.54958133291149, 37.02734423708523], [122.51543655572232, 36.89693883080959], [122.33318504584327, 36.830120552248815], [122.19661408651984, 36.85746962687564], [122.15484153887638, 36.975812837564064], [122.03340560948368, 36.90604536654685], [121.94985702841257, 36.939410392277026], [121.64239456247617, 36.80580789227676], [121.62726564790933, 36.751099870672775], [121.44128412757186, 36.76326311738494], [121.37296198344296, 36.70242556293984], [120.97443932109849, 36.57451213409993], [121.00860257506343, 36.49522027059436], [120.87955537334062, 36.376129163966155], [120.79984861360748, 36.45249065362731], [120.68217078939381, 36.37307817677704], [120.69727173267955, 36.13442642731634], [120.32919917518137, 36.048454864341934], [120.01796535697991, 35.72249769272452], [119.77504840505651, 35.5744476437245], [119.62063937031752, 35.58977929844561], [119.38243102079355, 35.08903291484752], [119.27141311294298, 35.123088897766564], [118.87823388112247, 35.028472821757106], [118.71175326066242, 34.75912800733414], [118.76263354522865, 34.7249172061543], [118.68862923537279, 34.686900460490364], [118.54524796828639, 34.70592900727924], [118.42037750234914, 34.62222853988227], [118.40187816194327, 34.42788582421365], [118.19374879448543, 34.38590035469561], [118.0642482318832, 34.66026903220475], [117.79599537802522, 34.64505167607098], [117.78211408923437, 34.5308161843072], [117.54163801789264, 34.46223063483913], [117.3797432689932, 34.580343796900436], [117.21787660103462, 34.4736595033753], [117.04672621423498, 34.76671863487218], [116.61197600219344, 35.138221433170926], [116.58889067790608, 35.40631177278077], [117.0107955428797, 35.40270569495851], [116.58670446375822, 35.40637520403813], [115.4580544453442, 35.236539189896135], [115.34703962030375, 35.50434015723275], [115.3809657827914, 35.57334206478661], [115.33785049570338, 35.56411304140322], [115.3462672909036, 35.4956160992605], [115.22562655969574, 35.41791557399657], [115.02642795907065, 35.36988362174553], [115.00398195317786, 35.266866553876085], [114.84126502213968, 35.16831066899668], [114.8917631452652, 35.090299251740944], [114.81835750155727, 34.829379713073095], [114.79817335875605, 34.54809916772081]]]}}, {"type": "Feature", "properties": {"layer": "faction", "faction": "shu"}, "geometry": {"type": "Polygon", "coordinates": [[[102.42397141704384, 22.73371129764071], [102.19997896701045, 22.39465829818994], [101.73896164581879, 22.480093633124483], [101.58704934525429, 22.18383522447388], [101.76841209145505, 21.165051832881886], [101.22717590321656, 21.33624893592838], [101.15363717409838, 21.741701240960026], [100.21201952706139, 21.475047797666207], [99.97974064066744, 22.008853830494672], [99.28468233610613, 22.173241314052916], [99.51594492830469, 23.02015797549302], [98.89089129938299, 23.25359030777578], [98.8811958877422, 24.183541862421464], [97.72853488588856, 23.897860399090746], [97.02514262257154, 23.620584119247482], [96.72227790384198, 24.03151069044611], [96.62467356239222, 24.414562330565175], [95.82381376118343, 24.938207398394], [96.02885214748608, 25.106333145268977], [95.98005066075922, 25.600618174259907], [96.20479016635392, 25.6182673024463], [96.25369578936721, 26.91447443038112], [98.31493497917029, 27.54840411406964], [97.6613135426793, 28.505040972386638], [97.57333932409324, 28.556536931666727], [97.12444680792635, 29.103877452848508], [96.87081830037403, 30.046271224258746], [97.83721769655995, 29.70773393252655], [98.57917123023395, 29.665363631129424], [99.07709471506888, 29.995693620005042], [99.00876521901131, 29.63141929784149], [99.1648113281787, 28.39348283721104], [99.33081156471383, 28.23015323106793], [99.41873357846902, 28.556527971565075], [99.71073658113924, 28.82923090654584], [99.69781375244611, 28.853039729690323], [101.00537535969693, 30.045307200898904], [101.98368925483133, 30.028971996501916], [102.9960871802113, 32.06784429686978], [103.04459971907178, 32.04687091346898], [103.00313692444394, 32.06494489807531], [103.29507739585017, 32.78660479175642], [104.13013280206059, 32.208482633133926], [104.79971139234908, 32.15804337833718], [106.37371229304324, 33.49156936602077], [107.31455299836546, 33.74639714297274], [107.85743993364838, 33.67221534834292], [108.19970497043965, 33.38378533755936], [108.27366988792295, 32.94938876565969], [107.80536351596572, 32.32810197245975], [107.9762242949311, 32.1532609570445], [108.4301485477879, 32.269493593712085], [109.35863853469561, 31.703241176384765], [109.55720622964026, 31.7561083668015], [109.74335723235964, 31.56012773583788], [109.94267338721716, 31.52214798612097], [110.13225563640248, 31.424475261903808], [110.20234254194361, 31.160375790634504], [110.1185681905327, 31.099697425531375], [110.16275576803906, 30.959486883224244], [110.01713292561328, 30.796307466888862], [110.01270180278351, 30.87981569652763], [109.89334937422484, 30.898784875391584], [109.34540173792038, 30.503519897589683], [109.30554991054277, 30.636710220742785], [109.13322499991085, 30.51113416898859], [109.0885424619895, 30.564342504375162], [109.12420424520832, 30.613869332901544], [109.07069176512528, 30.651843247705585], [108.7696993023228, 30.495693985494697], [108.65804413600057, 30.5983806155906], [108.40956078994287, 30.464861220274727], [108.41071974964149, 30.423111899131456], [107.76417852790019, 30.65548257119238], [107.6580892835826, 30.726145671216514], [107.75094485479099, 30.655208966655792], [108.41914850616445, 30.41788052115389], [108.55011889987964, 30.269273123958072], [108.50186140661424, 29.887924122073642], [108.38490127237526, 29.846149982671648], [108.2537632280517, 29.072500287701075], [107.8201502450375, 28.952252326304787], [107.75156604807961, 29.163087410206913], [107.41393676571738, 29.180994331321315], [107.4276891782713, 28.904063770684346], [107.22139828963759, 28.759467356468633], [107.14548545691247, 28.898098969442245], [106.84873875719308, 28.74088677188358], [106.75218767494802, 28.528083613587334], [106.91401179367398, 27.64334638696451], [106.63804173487887, 26.60848401344174], [106.72681606100332, 25.404025777241216], [107.07173361273544, 24.73456688369376], [107.07171681040182, 24.47475577630128], [106.08629470889889, 24.27727156035003], [105.94833035653511, 24.1694391760374], [106.21441545266634, 23.845332661898752], [106.09611143920665, 23.493476873030886], [105.49500930650538, 23.20400006401995], [105.27214811902763, 22.891692839902817], [104.86373696883544, 22.936511468573784], [104.32724143215012, 22.726107821244227], [104.14035835052505, 22.812830985114047], [103.93098354249884, 22.557564767758322], [103.61460150879543, 22.862155859193393], [102.46788291919131, 22.69614923341335], [102.21702777645646, 23.140480024264804], [102.84710834056573, 23.64915922359223], [102.21560207222075, 23.17897393433897], [101.52019159858975, 24.229889514073705], [101.53816554818697, 24.728370566613815], [101.51263296280354, 24.236167034506025], [102.42397141704384, 22.73371129764071]]]}}, {"type": "Feature", "properties": {"layer": "faction", "faction": "wu"}, "geometry": {"type": "MultiPolygon", "coordinates": [[[[106.09163132834317, 23.44133007250973], [106.1942556780229, 23.841919870679945], [105.90216206332371, 24.149251367619982], [106.00464696427349, 24.25607053500366], [107.04657098545368, 24.439188953455556], [107.58453273239263, 23.993490636377544], [108.69230681031695, 23.57581623740481], [108.69953004704115, 23.227283017676612], [109.57674391456038, 23.073032097563257], [109.8034703403514, 23.295156422890457], [110.47792370066969, 23.557434977737714], [111.33929220066966, 23.43356904075854], [111.52001012816375, 22.92420494870944], [111.40089499145904, 23.43778190681529], [111.65712408684789, 23.826004603139182], [111.88378887194972, 23.92513117496911], [111.87392445437547, 24.24903692452662], [112.07101655884651, 24.365795939962027], [111.96342063450065, 24.7394293089049], [111.78200542640252, 24.79366906886348], [111.65219724258372, 24.762640319271583], [111.53716419405714, 24.661679407166503], [111.47703116187353, 24.68987347752092], [111.42158188157856, 25.114914332335374], [111.29130882269203, 25.174122006236374], [111.01686314056116, 24.91901490196348], [110.97229634909172, 25.072095030064006], [111.05944944012936, 25.224929258555207], [111.28303477527055, 25.429005658153585], [111.30131399627908, 25.68678910470392], [111.47358170108305, 25.869465975410463], [111.26597037330754, 25.865054858103278], [111.20738530246058, 26.03402722688965], [111.27077551119993, 26.13619268605217], [111.25730075554162, 26.242538919030267], [111.54119765375037, 26.246891788151842], [111.5604546018867, 26.30494088948891], [111.48679231970857, 26.271007768543768], [111.28516610909924, 26.4024515592279], [111.16726826892426, 26.742056105425675], [111.29471282346975, 26.871678683030353], [111.44279133908998, 27.233003057678445], [111.53106512469049, 27.2622483963238], [111.54015571722158, 27.602288923558675], [111.20168559669241, 27.728249438689502], [111.07093566608842, 28.105047890173935], [111.07919395139697, 28.348860610107423], [110.97146317443196, 28.54050987499997], [111.50621093625182, 28.822708335235532], [111.51679390350307, 28.997340479508892], [111.59857338150766, 29.03711587371562], [111.70934760867056, 28.945484559120104], [111.98495893909745, 28.975508113697984], [112.26771366584876, 28.84157333881774], [112.3336543786238, 28.87583810084746], [112.47566649715412, 28.78780814106905], [112.59576639094041, 28.83646522232388], [112.8481791179687, 28.826634365867207], [112.96744809335797, 29.122466729889922], [113.09585726627154, 29.210056979625932], [113.09336567187859, 29.38315167854759], [113.57542671296972, 29.831089963429847], [113.56505917435749, 29.688937583635024], [113.726045818844, 29.621539209951607], [113.63363194515443, 29.531367924731043], [113.74021192696569, 29.44084300175605], [113.62541600291183, 29.2637325306476], [113.73173003820227, 29.093218405349177], [113.93331380222963, 29.0614556431131], [114.06718735379911, 29.200281346669527], [114.27042481741978, 29.240742532176995], [114.26422910340807, 29.36556082154624], [114.57919571844877, 29.357697990472474], [114.85280151306449, 29.40903350143502], [115.13938537680531, 29.52755851257902], [115.11381340592493, 29.6667929934506], [115.35591206353729, 29.658351575019452], [115.50342247697591, 29.845824643166125], [116.0059174520498, 29.68235065148555], [116.20337734277632, 29.673536608231487], [116.76391088624683, 30.024820475921274], [116.89117940465678, 29.94960605384742], [116.65083516640686, 29.690144164865828], [116.78097493038143, 29.573313566489162], [117.12815586474937, 29.732543835615417], [117.08382623822035, 29.82413787330721], [117.1764168346329, 29.930846533913723], [117.26059404589421, 29.82283711095907], [117.40799802683932, 29.84451041567516], [117.51062734312876, 29.615151176780728], [118.04603562614795, 29.559108264689854], [118.18239066997805, 29.39704624689412], [118.32672614226163, 29.71267358550182], [118.76400891131749, 31.24371834795602], [119.32813748263443, 31.303954402295275], [118.77622254904253, 31.245700232469048], [118.70999130827124, 31.314743370009793], [118.74865491623052, 31.396665155467474], [118.83514252192629, 31.415411481226073], [118.84500742662362, 31.617572608842167], [118.76519502939084, 31.701080814443117], [118.73445247813413, 31.626605162090428], [118.64936455990687, 31.64546950387792], [118.66686443418564, 31.717406875079377], [118.3699742596163, 31.926368518813945], [118.38081089764086, 32.08070452590003], [118.4948983208505, 32.14178882865562], [118.52009040648585, 32.209549870394184], [118.623691205091, 32.20671840285276], [118.66154543017336, 32.25477527824796], [118.69443160658136, 32.35234218637609], [118.67587059026829, 32.467595660158594], [118.59327235097675, 32.49213263181629], [118.59775542343021, 32.56663501896362], [118.68081805941762, 32.60747175289697], [118.82130180607487, 32.58363818424796], [118.70715004758898, 32.73041009776327], [118.3254030985587, 32.75382685304399], [118.23465379667789, 32.930796265408944], [118.31018445404436, 32.958283340417125], [118.18032662937327, 33.20492045155791], [118.22523716020731, 33.35900818639702], [118.26965126773467, 33.228889056594284], [118.4497452703904, 33.23736143224575], [118.51943556624616, 33.33228797609536], [118.64880263305002, 33.34488506674978], [118.50962241730196, 33.45046994595752], [118.47525249932153, 33.57908995026996], [118.56708491616575, 33.63027445266009], [118.70527362696606, 33.44358142793577], [118.86354180639171, 33.3625939725145], [119.02548426015318, 33.602114471251525], [118.7586375132907, 34.14633375415042], [118.3932470924126, 34.435857123368876], [118.40910751998524, 34.6127288282499], [118.53768490421857, 34.701818361138166], [118.75265405937967, 34.72323282861727], [118.71534146042279, 34.763687617313394], [118.87994505267312, 35.02732783854499], [119.26335198476119, 35.12110701939851], [119.39113865590508, 35.09843947644222], [119.19455750901813, 35.03236910169973], [119.19611223714054, 34.82842874360907], [119.45333648110534, 34.748024604310075], [119.49888887747107, 34.62435290301801], [119.9766989086163, 34.42902840940985], [119.90385799975576, 34.342547765107824], [120.062480133944, 34.38225452526716], [120.2474258691974, 34.30596376000824], [120.5693090474798, 33.71433064758723], [120.9467391750976, 32.89356646867735], [120.9917807152637, 32.58449749471549], [121.39418877454943, 32.399283238947476], [121.90922230503219, 31.832727483970316], [121.92002395727297, 31.6729599826664], [122.0353944474636, 31.462458004507226], [121.8702027357283, 31.42322181325602], [121.13707947196758, 31.68813531015252], [121.68742751529476, 31.300555059124704], [122.02194928794893, 30.92492562143417], [121.65951086601177, 30.83521202767878], [121.15542132683396, 30.603012740732893], [120.93613807139644, 30.483422407140083], [120.84011415453597, 30.301860575981607], [120.62982838695424, 30.364353577876816], [120.83763424170371, 30.209531127385674], [121.31472491292038, 30.388451578114214], [121.74910414090118, 29.99670906219974], [122.16233633049762, 30.315653415220126], [122.4342532841145, 29.920559880245193], [122.0440199929858, 29.549772661842397], [121.9435597353177, 29.308929585156747], [121.98339421265945, 29.05109576860788], [121.61836212444382, 29.135258673947902], [121.69260222017289, 28.745451569310703], [121.5469054970971, 28.681500045925205], [121.59633680752455, 28.26565727872361], [121.46758945036294, 28.317408479160278], [121.31431157687052, 28.117361962916746], [121.15508587086208, 28.066967061286746], [121.18794603325671, 28.387572304989575], [120.99452455739356, 28.02931413756201], [121.1288617790537, 27.87007470944164], [121.0001087586225, 27.908749885079857], [120.73463296848104, 27.72867800414815], [120.68459924516691, 27.657774136826717], [120.64788787174024, 27.371579265085202], [120.56022856960931, 27.451455882811402], [120.5163683440918, 27.251562499827372], [120.07696307866343, 26.88456258240275], [120.10299556105673, 26.643219466420362], [119.80151419315212, 26.475902086821236], [119.9574801214402, 26.326842185321652], [119.65599447879254, 26.247703044170095], [119.71318186483211, 25.939534603601473], [119.61960700893377, 25.710498775242655], [119.88990856331009, 25.583757180564746], [119.78594986867955, 25.400794691619055], [119.59883084735867, 25.349123997616203], [119.25057972812294, 25.452429051758642], [119.37532547421551, 25.26924141135781], [118.77757676023043, 24.755812966738574], [118.6320388268644, 24.538499784005054], [118.36241963858981, 24.386764483587072], [117.89165477535789, 24.39385328017812], [118.03829455814645, 24.189853986412487], [117.13561402769659, 23.6217665180136], [116.97653967091156, 23.8505605175487], [117.00880811143735, 24.031227750220342], [116.95902716389867, 23.862076208590167], [117.11681000159149, 23.63654056177552], [117.13653946216056, 23.410633968440862], [116.71277063286703, 23.33826424613717], [116.51567160072, 22.966749016200325], [115.80610645321286, 22.757889827474656], [114.52493901014373, 22.484992385654678], [114.2884063159508, 22.403027191713306], [114.21942952496653, 22.25716328647846], [113.94347932189737, 22.28453409984317], [113.71683167206965, 22.71244545961079], [113.59857009590712, 22.54871401529728], [113.54929596202743, 22.092882703525618], [113.21422343568616, 21.882705003483352], [113.0861076158497, 22.12940549238273], [112.91857329591414, 21.827821725016406], [112.29770464511495, 21.7179983097285], [111.93094720859385, 21.834122459240888], [111.9318924706181, 21.56741820123868], [110.68214683440414, 21.364421127665295], [110.49715235802915, 20.96413065865778], [110.17597076754402, 21.00343808264168], [110.48836233778138, 20.514832607893467], [110.64228795092231, 20.12542694719285], [111.02929394816312, 19.626589473484486], [110.6313961142381, 19.424476370483646], [110.43372961515979, 18.726751325207346], [109.43109181296353, 18.182601310075327], [108.64236457959794, 18.473199406438155], [108.63412661808508, 19.317161126062146], [109.22974049625424, 19.849183821829683], [109.90195184715827, 20.278115797236595], [109.63988276659654, 21.157447730857186], [109.97957722821963, 21.376799050916063], [109.58796506801838, 21.510954592577676], [109.04922824017706, 21.498831992843208], [108.70334370867795, 21.66902424481411], [108.56311292782141, 22.008743439327247], [108.48587332287559, 21.673690850596927], [108.06293064570738, 21.538918815148463], [106.783994, 20.765211], [106.025474, 19.944458], [105.639634, 18.843145], [107.023139, 17.133916], [106.500081, 16.976194], [103.882694, 19.288307], [104.4503, 20.428737], [104.844792, 21.389556], [105.101472, 21.736778], [104.868127, 22.202038], [105.148141, 22.676526], [105.474824, 22.644226], [105.276481, 22.902411], [105.468636, 23.194539], [105.79480753084805, 23.012358322516864], [105.52463796835053, 23.18684809041926], [106.09163132834317, 23.44133007250973]]], [[[121.78535231427952, 24.860708553742896], [121.87202074862961, 24.497169323359245], [121.33710091741, 23.05934553163401], [121.16631758588915, 22.75810140351321], [120.9290149281785, 22.508913330704786], [120.87085839282861, 21.92028174121981], [120.72504191766927, 21.86862494945126], [120.61403943725816, 22.322198252896484], [120.27775352390887, 22.575351540660506], [120.09824479121534, 23.035726843288174], [120.10975362442014, 23.63966098592236], [120.59788146085714, 24.385005019426927], [120.90615826067454, 24.693669386093077], [120.9652151511358, 25.01372552485803], [121.61904770923559, 25.27636451031924], [121.98121405632713, 24.97179303676974], [121.78535231427952, 24.860708553742896]]]]}}, {"type": "Feature", "properties": {"layer": "faction", "faction": "contested"}, "geometry": {"type": "MultiPolygon", "coordinates": [[[[107.0549820630178, 24.74524766056372], [106.86804281154753, 25.154162993986503], [106.94887864632442, 25.250580939487907], [106.86139867202928, 25.181771684634867], [106.7424447108462, 25.407639591207], [106.64379617477806, 26.623836784967835], [106.88563758716828, 27.677584705955866], [106.7782522401684, 28.611338147540238], [107.1514516606598, 28.906079131209893], [107.25009275912129, 28.71410390502652], [107.4484401305051, 28.88817019577688], [107.4122398057753, 29.164728259592408], [107.7704681192102, 29.178882667187324], [107.86661106118385, 28.9859280105493], [108.20895718069198, 29.075641721410676], [108.52504690337025, 29.85699648090099], [108.57265895905049, 29.79979768012713], [108.50427852733617, 29.88416744968994], [108.52175703975064, 30.289232055571333], [108.40029376008607, 30.46214514152338], [108.67162555722172, 30.58860194792956], [108.77447516526371, 30.498662655368975], [109.07607377327554, 30.632101298802596], [109.11969756016777, 30.510086230271412], [109.30065615752852, 30.619453041798224], [109.34932071593101, 30.489764761144414], [109.89985495785464, 30.90333227202771], [110.00021264666623, 30.842711448199765], [110.15834868788585, 30.961408710807262], [110.09403209962187, 31.124859573556577], [110.61966203872036, 31.24600867013515], [110.2127085626218, 31.15910291038631], [110.10976822365774, 31.434542094544256], [109.73601489676236, 31.566378448038293], [109.543894600329, 31.75806252867534], [111.40392850092013, 32.43236030318036], [111.55757500571235, 32.59753396373415], [111.38699809874225, 32.43238579910059], [109.35128776934852, 31.70637898289536], [108.42774781695795, 32.276025979121485], [107.97435436079206, 32.14818855101848], [107.79808759707635, 32.31861054718789], [108.26580896562302, 32.95398301609333], [108.204350086202, 33.38594940770797], [107.94990366430113, 33.58089196670217], [109.0377382445825, 33.81610768939068], [110.1879240775956, 33.16762990655599], [110.53923492712192, 33.21937163559012], [110.649480585265, 33.09255572007727], [110.99409166546923, 33.231231318456196], [111.57223938408309, 32.61329852055579], [112.06986117869434, 32.68796162024222], [112.82678688067409, 32.692314911239365], [113.41494286715147, 32.27920595333329], [113.54825478569711, 32.323505171416855], [113.67033812339218, 32.42210529990696], [113.7550206699712, 32.32576397807195], [113.7281330221034, 32.11758228485044], [113.82964319448405, 31.872723128591716], [113.91777627880333, 31.86393529919205], [113.98757181995978, 31.75278380511803], [114.0233732648062, 31.772020875770366], [114.03665780751038, 31.48279028621684], [113.70753198471635, 31.165550572339725], [113.58428170414322, 30.994611587141407], [113.54861113597156, 31.008237714079435], [113.58453808111636, 30.993529240080477], [113.71308633234241, 31.165758809915346], [114.03820376574913, 31.46955977137938], [114.02789920837921, 31.77674001400726], [114.17421098712572, 31.857948838643964], [114.3186356383685, 31.741296894616596], [114.57224589853047, 31.74060511178422], [114.5704265083848, 31.553317290742655], [114.79127656756407, 31.516158604641376], [114.82819849771914, 31.47081109735042], [115.15242844133184, 31.586033604680523], [115.23494979790127, 31.5326856747229], [115.2392113495635, 31.40723355791495], [115.35808401613781, 31.41144361746181], [115.33976296705174, 31.434178391542346], [115.6446837048747, 31.754638833742263], [115.92916189528302, 31.739360730961756], [115.85316750097297, 32.50702265352619], [115.98370803552234, 32.60258191415569], [116.0126743936255, 32.701159325380445], [115.81963220610692, 32.90317037172825], [116.37342739540054, 33.165328573556806], [116.55532500226991, 33.10346292539096], [116.57466314669807, 33.21137055806663], [117.71280979666795, 33.1281251720295], [117.93325815397031, 33.19988009714646], [118.03391389171617, 33.14310931191379], [118.18170897313883, 33.21764225099058], [118.21900754688386, 33.06342505506258], [118.29886628699626, 32.9592608011085], [118.22185534906197, 32.919772969796284], [118.35732224554954, 32.71966350184883], [118.691034860083, 32.73486623032386], [118.79926039755213, 32.59892644398542], [118.60032167183783, 32.5942422887525], [118.599710022478, 32.48600597038143], [118.67457721178681, 32.454873501768674], [118.69998270113467, 32.33617367371518], [118.62608491724103, 32.20710543563189], [118.51784806504514, 32.20488265468845], [118.50802422045666, 32.151161548534205], [118.37665477939929, 32.09127444072761], [118.39010359438868, 31.92801540251702], [118.66848543062946, 31.704582597506672], [118.64747676581521, 31.63959192398994], [118.73022311990536, 31.647022507816217], [118.758472503152, 31.69530641302434], [118.83299010369137, 31.6132884821549], [118.82836625824547, 31.419935367860944], [118.70831786528106, 31.32857085143037], [118.7565896285742, 31.25743876921436], [118.17633515018667, 29.405016480429154], [118.03572483258023, 29.562403922727597], [117.50938729172839, 29.61697377048938], [117.39869225715609, 29.84287519904005], [117.23715748378407, 29.823313419532056], [117.17048817765618, 29.92771386348292], [117.08483674483625, 29.829431519854253], [117.10963502003716, 29.723399677605897], [116.77241110835695, 29.593187890038806], [116.65688053407825, 29.697647258948052], [116.88664376179065, 29.94771845952809], [116.7643541352142, 30.012286168111245], [116.21123103456966, 29.672436403818367], [115.97124621581963, 29.687765034315007], [115.50098542360536, 29.82936214181261], [115.35529847389785, 29.65069143909936], [115.11819229013315, 29.661378277742557], [115.1414568485082, 29.521397780396313], [114.87153384418644, 29.404989312528613], [114.57396942200717, 29.35790814557214], [114.27382224743582, 29.36627723204097], [114.26400872985391, 29.21925814781909], [114.07779531865424, 29.198695916310598], [113.94310640030653, 29.058750636219173], [113.737340890869, 29.096958864278946], [113.63079072510698, 29.254751769607026], [113.74070839820303, 29.447031248748473], [113.64001939361117, 29.53928659132066], [113.72447067823185, 29.618029374134437], [113.58188998974339, 29.680560794246276], [113.57768342617248, 29.828798836545346], [113.55839983777736, 29.879790632255094], [113.53752584221543, 29.898216205111748], [113.56214024486673, 29.866980333219686], [113.04412109263939, 29.34842475159236], [112.80577233736773, 29.530766568064493], [112.79940188591172, 29.454591806773024], [112.91862285103065, 29.363845385683703], [112.82786657158613, 29.213523294870143], [112.97337550706976, 29.224240232945334], [112.84626367304008, 28.833427942517716], [112.59084898684807, 28.843270465325247], [112.45758769869485, 28.795220704835998], [112.33271524148847, 28.88577366529455], [112.28316608667535, 28.83271947653475], [111.99439999974356, 28.981679340073427], [111.69476466193862, 28.953453905022016], [111.61340644767819, 29.039289045039666], [111.51098511030966, 29.008317646719092], [111.5015512169553, 28.82242649102163], [110.97812067734554, 28.569924351255253], [110.56740125064788, 28.4727119671336], [110.98065181048656, 28.55536009364708], [111.22166103320501, 27.71676482587253], [111.54502260769033, 27.605791072428644], [111.54228087255893, 27.290341373709126], [111.45885422957542, 27.236894157028104], [111.1647089665085, 26.730573659385897], [111.2779368142854, 26.402780338458868], [111.49338287361212, 26.26536340428848], [111.27850025608376, 26.248193546260694], [110.95045632456782, 26.375727379125877], [110.8367104441833, 26.30545961533576], [110.9579209117241, 26.342314229035864], [111.2684051855922, 26.221409028293678], [111.2556910785164, 25.88516953281848], [111.4718687245292, 25.874288818628642], [111.29700873789562, 25.681791205411756], [111.28370769593721, 25.470979995571653], [110.98067182099953, 25.052878702050194], [111.02180454289112, 24.91306932796236], [111.29411355064497, 25.169848449728036], [111.41534409927334, 25.102353312190104], [111.49820986519461, 24.6873627684503], [111.72298696036955, 24.772841847009218], [111.96775837237061, 24.725222588432075], [112.06338618812259, 24.384557475756836], [111.88027573962086, 24.272174663552903], [111.87623586947751, 23.936438637315817], [111.66054923652291, 23.811365327776713], [111.36089048995723, 23.424728614831153], [110.49241074928568, 23.555569664520434], [109.78598641651405, 23.26307098413261], [109.63341220915703, 23.06547362773567], [108.72377867098874, 23.189418009003717], [108.68191730503122, 23.576142050929462], [107.5587350694467, 23.986645821447894], [107.08397720133559, 24.411411939998445], [107.0549820630178, 24.74524766056372]]], [[[106.3574771279267, 33.47814459938283], [104.78897, 32.160136], [104.124732, 32.211829], [103.292526, 32.784926], [104.170541, 34.204705], [106.468651, 33.875721], [106.3574771279267, 33.47814459938283]]], [[[117.78057271926576, 34.53037657422192], [117.79682535341908, 34.64492319947486], [118.05298464762546, 34.65590440903617], [118.19928132017026, 34.383690156772175], [118.40532607114278, 34.433095137952336], [118.76368307618247, 34.142155090032375], [119.02732656077535, 33.60786468775271], [118.86319478801244, 33.35045736937195], [118.79729874562281, 33.43055370770584], [118.69982677297907, 33.44369797599259], [118.56604315478546, 33.632343595939915], [118.47354406844318, 33.59249713801613], [118.49896287940567, 33.454971363029316], [118.68074772168285, 33.34391740072455], [118.50107633987801, 33.34994118787125], [118.41902015369755, 33.2236159723482], [118.27924487965498, 33.24543726430541], [118.20965635534452, 33.400926323815156], [118.16625925073157, 33.21643560369537], [118.02779203308745, 33.14751927039349], [117.92721279118467, 33.21651684582474], [118.00353467106237, 33.44346357421844], [118.11351705348483, 33.50965442735877], [118.10171294825005, 33.61003491238331], [118.18059920230593, 33.74044535176618], [118.12433334487287, 33.7652937383142], [117.7263123607886, 33.72302021567751], [117.74311770560678, 33.8797983210937], [117.6634069179018, 33.92706295338155], [117.66495902190161, 34.00849298617723], [117.61356209624813, 34.03224460169183], [117.54828325942731, 33.99495052991695], [117.50995336579427, 34.06006081460794], [117.41236520280557, 34.02380206805201], [117.32879514173118, 34.08575351600096], [117.18377722533023, 34.062538020326116], [117.03218130751623, 34.1554468974625], [117.03309693914184, 34.2276107386151], [116.94602459839984, 34.39304948908338], [116.83984236481308, 34.37823450766372], [116.75361372281635, 34.453601078651715], [115.66900915052832, 34.41588559829843], [114.80531696713189, 34.5372104557198], [114.889527043861, 35.09432855604136], [114.84790502641079, 35.151067814662824], [115.00050840054013, 35.264430683253536], [115.01898626242382, 35.36632726149507], [115.2085882866553, 35.40780729333733], [115.3380831113667, 35.490692524002554], [115.45832830573988, 35.234226198487676], [116.58934755050171, 35.390638669942874], [116.61709932908695, 35.13385965663831], [117.05646795724749, 34.77754742667024], [117.20445481341784, 34.46927839435689], [117.08380116971604, 34.465082846739946], [117.20928647311803, 34.46813501948212], [117.38472130368291, 34.57698937887456], [117.54530129976405, 34.46942724717118], [117.78057271926576, 34.53037657422192]]]]}}, {"type": "Feature", "properties": {"layer": "commandery", "id": "濮阳", "name": "濮阳", "state": "兖州", "faction": "wei"}, "geometry": {"type": "Polygon", "coordinates": [[[114.51581622050838, 35.577799423620164], [115.13304181248856, 36.202854582708156], [115.09095783648627, 36.404084303856976], [115.34907288930367, 36.39279303330328], [115.33785049570338, 35.79201342655351], [115.51460319491508, 35.691817447479664], [115.33785049570338, 35.56411304140322], [115.3462672909036, 35.4956160992605], [115.22562655969574, 35.41791557399657], [115.02642795907065, 35.36988362174553], [115.00398195317786, 35.266866553876085], [114.84126502213968, 35.16831066899668], [114.8917631452652, 35.090299251740944], [114.66732704248619, 35.19124097751305], [114.51581622050838, 35.577799423620164]]]}}, {"type": "Feature", "properties": {"layer": "commandery", "id": "河内", "name": "河内", "state": "司隶", "faction": "wei"}, "geometry": {"type": "Polygon", "coordinates": [[[113.2071463963104, 34.56164509951651], [113.11903308531936, 35.340153714354884], [113.16133001924248, 35.424317287826284], [113.27323745293614, 35.42891642012928], [113.56706866762488, 35.62716940893061], [113.92552819327466, 35.35447107475902], [114.00962710339041, 34.66805598342259], [113.2071463963104, 34.56164509951651]]]}}, {"type": "Feature", "properties": {"layer": "commandery", "id": "陈留", "name": "陈留", "state": "兖州", "faction": "wei"}, "geometry": {"type": "Polygon", "coordinates": [[[113.92862284229659, 35.358537701483655], [114.5216757726886, 35.583733304793874], [114.66539878473657, 35.19229862757169], [114.88951706681854, 35.09130944141996], [114.81835750155727, 34.829379713073095], [114.79772728226362, 34.5418827710032], [114.52998946730361, 34.44305054447521], [114.01589087174438, 34.66199859246757], [113.92862284229659, 35.358537701483655]]]}}, {"type": "Feature", "properties": {"layer": "commandery", "id": "甘陵", "name": "甘陵", "state": "冀州", "faction": "wei"}, "geometry": {"type": "Polygon", "coordinates": [[[115.83435, 36.368221], [115.08728, 36.403599], [115.124359, 36.606708], [115.489654, 37.190954], [115.637969, 37.743571], [116.147546, 37.876818], [116.505289, 37.857168], [116.301012, 37.457077], [116.240329, 36.936858], [116.31792, 36.896919], [116.28067, 36.25867], [115.83435, 36.368221]]]}}, {"type": "Feature", "properties": {"layer": "commandery", "id": "建业", "name": "建业", "state": "扬州", "faction": "wu"}, "geometry": {"type": "Polygon", "coordinates": [[[118.70999130827124, 31.314743370009793], [118.74865491623052, 31.396665155467474], [118.83514252192629, 31.415411481226073], [118.84500742662362, 31.617572608842167], [118.76519502939084, 31.701080814443117], [118.73445247813413, 31.626605162090428], [118.64936455990687, 31.64546950387792], [118.66686443418564, 31.717406875079377], [118.3699742596163, 31.926368518813945], [118.38081089764086, 32.08070452590003], [118.4948983208505, 32.14178882865562], [118.52009040648585, 32.209549870394184], [118.623691205091, 32.20671840285276], [118.66154543017336, 32.25477527824796], [118.69443160658136, 32.35234218637609], [118.67587059026829, 32.467595660158594], [118.59327235097675, 32.49213263181629], [118.59775542343021, 32.56663501896362], [118.68081805941762, 32.60747175289697], [118.88011408033975, 32.573660472167745], [119.07100642674112, 32.46046642912313], [119.19841429010393, 32.561498203989515], [119.2266509053241, 32.692082391965954], [119.32401338928014, 32.78012045992445], [119.53916965097949, 32.41019340859819], [119.8949390323657, 32.20485033134865], [119.89753005604587, 32.06942682442818], [119.96978091568593, 31.937943797212526], [120.11171277243392, 31.90698374252304], [119.97062857210801, 31.872691056401777], [119.9697842682624, 31.799181486881267], [119.33433465439066, 31.304608508705442], [118.77622254904253, 31.245700232469048], [118.70999130827124, 31.314743370009793]]]}}, {"type": "Feature", "properties": {"layer": "commandery", "id": "弘农", "name": "弘农", "state": "司隶", "faction": "wei"}, "geometry": {"type": "Polygon", "coordinates": [[[110.257799, 34.62982], [110.824562, 34.638177], [111.180106, 34.824858], [111.427013, 34.824858], [112.192422, 33.743652], [111.036901, 33.542212], [110.622098, 33.87905], [110.508522, 34.243143], [110.257799, 34.62982]]]}}, {"type": "Feature", "properties": {"layer": "commandery", "id": "许昌", "name": "许昌", "state": "豫州", "faction": "wei"}, "geometry": {"type": "Polygon", "coordinates": [[[113.24601327172917, 34.35690577543967], [113.2086218841664, 34.555885045676305], [114.00636915305597, 34.656606298534115], [114.52867924401338, 34.44360855189696], [114.65023839102145, 33.63614991882231], [114.54298685134358, 33.47488871304695], [114.46131480176228, 33.45863571061342], [114.25801906875364, 33.2361025267971], [114.03341095713148, 33.57500885045687], [113.61208170526646, 33.5323857395929], [113.36643634337054, 33.63851364327272], [113.21916998998773, 33.74052884573973], [113.24601327172917, 34.35690577543967]]]}}, {"type": "Feature", "properties": {"layer": "commandery", "id": "下邳", "name": "下邳", "state": "徐州", "faction": "contested"}, "geometry": {"type": "Polygon", "coordinates": [[[117.20928647311803, 34.46813501948212], [117.38472130368291, 34.57698937887456], [117.54530129976405, 34.46942724717118], [117.7795459147577, 34.52313977863028], [117.79682535341908, 34.64492319947486], [118.05298464762546, 34.65590440903617], [118.19928132017026, 34.383690156772175], [118.40532607114278, 34.433095137952336], [118.76368307618247, 34.142155090032375], [119.02732656077535, 33.60786468775271], [118.978063556383, 33.51062596388651], [118.86319478801244, 33.35045736937195], [118.79729874562281, 33.43055370770584], [118.69982677297907, 33.44369797599259], [118.56604315478546, 33.632343595939915], [118.47354406844318, 33.59249713801613], [118.49896287940567, 33.454971363029316], [118.68074772168285, 33.34391740072455], [118.50107633987801, 33.34994118787125], [118.41902015369755, 33.2236159723482], [118.27924487965498, 33.24543726430541], [118.20965635534452, 33.400926323815156], [118.16625925073157, 33.21643560369537], [118.02779203308745, 33.14751927039349], [117.92721279118467, 33.21651684582474], [118.00353467106237, 33.44346357421844], [118.11351705348483, 33.50965442735877], [118.10171294825005, 33.61003491238331], [118.18059920230593, 33.74044535176618], [118.12433334487287, 33.7652937383142], [117.7263123607886, 33.72302021567751], [117.74311770560678, 33.8797983210937], [117.6634069179018, 33.92706295338155], [117.66495902190161, 34.00849298617723], [117.61356209624813, 34.03224460169183], [117.54828325942731, 33.99495052991695], [117.50995336579427, 34.06006081460794], [117.41236520280557, 34.02380206805201], [117.32879514173118, 34.08575351600096], [117.18377722533023, 34.062538020326116], [117.03218130751623, 34.1554468974625], [117.03309693914184, 34.2276107386151], [116.94602459839984, 34.39304948908338], [116.83984236481308, 34.37823450766372], [116.74977266163012, 34.45695828808768], [117.20928647311803, 34.46813501948212]]]}}, {"type": "Feature", "properties": {"layer": "commandery", "id": "新野", "name": "新野", "state": "荆州", "faction": "contested"}, "geometry": {"type": "Polygon", "coordinates": [[[112.8176523445373, 31.963208379874473], [112.86624199697775, 32.07137079212494], [112.74965619043206, 32.09201601925619], [112.55063558418414, 32.21919448564401], [112.35760412197459, 32.161323089071516], [111.93971912380744, 32.505448934054996], [111.77300549468163, 32.51576113758492], [111.68525263534156, 32.630408671524805], [112.06986117869434, 32.68796162024222], [112.82678688067409, 32.692314911239365], [113.41494286715147, 32.27920595333329], [113.54825478569711, 32.323505171416855], [113.67033812339218, 32.42210529990696], [113.7550206699712, 32.32576397807195], [113.7281330221034, 32.11758228485044], [113.82964319448405, 31.872723128591716], [113.91777627880333, 31.86393529919205], [113.98757181995978, 31.75278380511803], [114.0233732648062, 31.772020875770366], [114.03665780751038, 31.48279028621684], [113.70753198471635, 31.165550572339725], [113.58428170414322, 30.994611587141407], [113.27659200494912, 31.11214879256424], [113.2241076636414, 31.212641161364374], [113.24540594589166, 31.696002766850853], [112.8176523445373, 31.963208379874473]]]}}, {"type": "Feature", "properties": {"layer": "commandery", "id": "小沛", "name": "小沛", "state": "豫州", "faction": "contested"}, "geometry": {"type": "Polygon", "coordinates": [[[114.88851087440739, 35.08760576920176], [114.85095836882387, 35.15333601912889], [115.00398195317786, 35.266866553876085], [115.02598677676038, 35.367858793443474], [115.2085882866553, 35.40780729333733], [115.33820827560065, 35.49042556604772], [115.45832830573988, 35.234226198487676], [116.58934755050171, 35.390638669942874], [116.61709932908695, 35.13385965663831], [117.05646795724749, 34.77754742667024], [117.20445481341784, 34.46927839435689], [115.66900915052832, 34.41588559829843], [114.80531696713189, 34.5372104557198], [114.88851087440739, 35.08760576920176]]]}}, {"type": "Feature", "properties": {"layer": "commandery", "id": "南皮", "name": "南皮", "state": "冀州", "faction": "wei"}, "geometry": {"type": "Polygon", "coordinates": [[[117.60633, 38.799631], [117.860641, 38.274305], [117.723312, 38.110248], [117.56401, 38.075663], [117.404708, 37.86347], [116.789474, 37.841783], [116.147546, 37.876818], [115.638135149791, 37.743614445762276], [115.710926, 38.248022], [116.161408, 38.80822], [117.134957, 38.832044], [117.60633, 38.799631]]]}}, {"type": "Feature", "properties": {"layer": "commandery", "id": "钜鹿", "name": "钜鹿", "state": "冀州", "faction": "wei"}, "geometry": {"type": "Polygon", "coordinates": [[[114.576416, 37.013519], [114.411621, 36.969643], [114.21936, 37.066135], [113.840332, 37.158127], [113.760681, 37.105574], [113.384399, 37.109955], [113.771667, 37.524975], [113.56842, 38.017803], [114.027099, 38.110788], [114.470672, 38.037275], [114.836654, 38.02754], [115.636596, 37.741399], [115.488967, 37.193689], [115.318679, 36.953184], [114.576416, 37.013519]]]}}, {"type": "Feature", "properties": {"layer": "commandery", "id": "中山", "name": "中山", "state": "冀州", "faction": "wei"}, "geometry": {"type": "Polygon", "coordinates": [[[115.63694, 37.742078], [114.836654, 38.02754], [114.47668, 38.037681], [114.027099, 38.110788], [113.584981, 38.025273], [113.789508, 38.630318], [114.380897, 38.756124], [114.584027, 38.926435], [115.43061, 39.294329], [115.677713, 39.556166], [115.742538, 39.553517], [115.648781, 38.814357], [116.151382, 38.806631], [115.710926, 38.248022], [115.63694, 37.742078]]]}}, {"type": "Feature", "properties": {"layer": "commandery", "id": "洛阳", "name": "洛阳", "state": "司隶", "faction": "wei"}, "geometry": {"type": "Polygon", "coordinates": [[[112.19014213409511, 33.74325455487535], [111.428407, 34.836209], [111.558162, 34.839167], [111.64827, 34.978089], [111.875343, 35.093186], [112.037537, 35.040084], [112.055558, 35.275826], [113.11929983534687, 35.337206021380574], [113.241396, 34.351816], [113.22293, 33.736733], [112.19014213409511, 33.74325455487535]]]}}, {"type": "Feature", "properties": {"layer": "commandery", "id": "邺城", "name": "邺城", "state": "冀州", "faction": "wei"}, "geometry": {"type": "Polygon", "coordinates": [[[113.578117541979, 35.62814101142692], [113.74879546482725, 36.229767433151], [113.71138450476462, 36.414982843935945], [113.40963804277095, 36.541693511989806], [113.45271212109384, 36.68100175554582], [113.39967781423184, 36.74721856989051], [113.55174865645489, 36.944016203813476], [113.39221509554812, 37.105609550887635], [113.760681, 37.105574], [113.84539460644663, 37.15535175319323], [114.21936, 37.066135], [114.411621, 36.969643], [114.58029608111868, 37.01320360681147], [115.3197014681008, 36.954628075275906], [115.124359, 36.606708], [115.08728, 36.403599], [115.13301310107849, 36.202825507091035], [114.52167577268858, 35.583733304793874], [113.92933133059263, 35.358806730504654], [113.578117541979, 35.62814101142692]]]}}, {"type": "Feature", "properties": {"layer": "commandery", "id": "安定", "name": "安定", "state": "雍州", "faction": "wei"}, "geometry": {"type": "Polygon", "coordinates": [[[107.365756, 35.862119], [108.517131, 35.845629], [108.534603, 35.318537], [108.109286, 35.029129], [107.098802, 34.94622], [106.512225, 35.08962], [105.557943, 35.717584], [105.269032, 35.958894], [105.400355, 36.022647], [107.365756, 35.862119]]]}}, {"type": "Feature", "properties": {"layer": "commandery", "id": "平原", "name": "平原", "state": "青州", "faction": "wei"}, "geometry": {"type": "Polygon", "coordinates": [[[117.860641, 38.274238], [118.163452, 38.17802], [118.155555, 38.139147], [118.498535, 38.092417], [118.535614, 38.052416], [118.777313, 38.148597], [118.914642, 38.123753], [119.002532, 37.951778], [119.091796, 37.918201], [119.098663, 37.84341], [119.163208, 37.808698], [119.263458, 37.859675], [119.207153, 37.768543], [118.916015, 37.788081], [118.664703, 37.72728], [118.515014, 37.602264], [118.332366, 37.596824], [118.22937, 37.394164], [117.88742, 37.262031], [117.652587, 37.274052], [117.57431, 37.152655], [117.23648, 37.039832], [117.133483, 36.821378], [117.000274, 36.728978], [116.839599, 36.728978], [116.570434, 36.425702], [116.279296, 36.257562], [116.31792, 36.896919], [116.240844, 36.93672], [116.301269, 37.457418], [116.50566988482632, 37.85710409472548], [117.408142, 37.861844], [117.56401, 38.075663], [117.724685, 38.110788], [117.860641, 38.274238]]]}}, {"type": "Feature", "properties": {"layer": "commandery", "id": "宛城", "name": "宛城", "state": "荆州", "faction": "wei"}, "geometry": {"type": "Polygon", "coordinates": [[[110.96634578931895, 33.235199804503154], [111.0157495618119, 33.5421571055431], [112.19131955953068, 33.741565158776886], [113.22296503327122, 33.73789992134497], [113.47268594273348, 33.59260987712717], [113.41550347465801, 33.357245454092734], [113.48784984399958, 32.519392030761736], [113.44246825063846, 32.49893962572874], [113.41313837381632, 32.28047339322741], [112.83675494954076, 32.690551560751814], [112.38421333416659, 32.71787880272679], [111.57257097304432, 32.61902781432113], [110.96634578931895, 33.235199804503154]]]}}, {"type": "Feature", "properties": {"layer": "commandery", "id": "琅琊", "name": "琅琊", "state": "徐州", "faction": "wei"}, "geometry": {"type": "Polygon", "coordinates": [[[117.21787660103462, 34.4736595033753], [117.05646795724749, 34.77754742667024], [116.61709932908695, 35.13385965663831], [116.58889067790608, 35.40631177278077], [117.0098420897449, 35.40253116853249], [117.60649956455006, 35.511747335363026], [117.97185231327995, 35.71845977959656], [118.60995686450502, 35.79729792768097], [118.80884116416462, 35.59078487782182], [119.02615950773423, 35.812324812450086], [119.41920588938791, 35.703487746166516], [119.62292845380478, 35.594591263602524], [119.38243102079355, 35.08903291484752], [119.27141311294298, 35.123088897766564], [118.87823388112247, 35.028472821757106], [118.71175326066242, 34.75912800733414], [118.76263354522865, 34.7249172061543], [118.68862923537279, 34.686900460490364], [118.54524796828639, 34.70592900727924], [118.42037750234914, 34.62222853988227], [118.40230508075084, 34.432370771169126], [118.19766853081546, 34.3866910742957], [118.0642482318832, 34.66026903220475], [117.79599537802522, 34.64505167607098], [117.78057271926576, 34.53037657422192], [117.54530129976405, 34.46942724717118], [117.3797432689932, 34.580343796900436], [117.21787660103462, 34.4736595033753]]]}}, {"type": "Feature", "properties": {"layer": "commandery", "id": "梓潼", "name": "梓潼", "state": "益州", "faction": "shu"}, "geometry": {"type": "Polygon", "coordinates": [[[104.13013280206059, 32.208482633133926], [104.79971139234908, 32.15804337833718], [105.53860957506532, 32.79664028343214], [105.97110301963335, 32.321913363032465], [105.95697721126226, 31.7279017816777], [105.10751621297408, 31.096624015856477], [104.51981461065691, 31.308527269337347], [104.19460670648192, 31.326636664503084], [104.19135935385697, 31.45161182547173], [103.86151104643471, 31.69077232223748], [103.00313692444394, 32.06494489807531], [103.29507739585017, 32.78660479175642], [104.13013280206059, 32.208482633133926]]]}}, {"type": "Feature", "properties": {"layer": "commandery", "id": "北平", "name": "北平", "state": "幽州", "faction": "wei"}, "geometry": {"type": "Polygon", "coordinates": [[[117.790707, 40.004462], [118.292002, 39.995532], [119.539413, 40.551446], [119.860009, 39.959798], [119.539413, 39.892746], [119.527755, 39.80772], [119.352884, 39.736037], [119.294594, 39.358479], [118.944853, 39.128246], [118.530992, 39.11468], [118.659231, 39.015111], [118.466873, 38.924473], [118.041355, 39.22314], [117.610644, 38.798841], [116.74125088929844, 38.83323444922393], [116.762545, 39.591542], [117.149004, 39.628913], [117.184466, 39.876449], [117.790707, 40.004462]]]}}, {"type": "Feature", "properties": {"layer": "commandery", "id": "济北", "name": "济北", "state": "兖州", "faction": "wei"}, "geometry": {"type": "Polygon", "coordinates": [[[115.34703962030375, 35.50434015723275], [115.51460319491508, 35.691817447479664], [115.3378929231082, 35.7942847351967], [115.34904318847109, 36.39120302896418], [115.83435, 36.368221], [116.279296, 36.257562], [116.570434, 36.425702], [116.83647768865927, 36.72252435581338], [117.00763432798539, 36.72991865633362], [117.14177701129188, 36.80774619105817], [117.23533276257626, 37.0373987387966], [117.59047470338845, 37.15879723908945], [117.65523542051608, 37.26563217079175], [117.88174379169897, 36.61837564875056], [117.71988167196815, 36.19033359728621], [117.96958829557502, 35.72239806814983], [117.61621221880603, 35.51724264505544], [117.0107955428797, 35.40270569495851], [116.58670446375822, 35.40637520403813], [115.4580544453442, 35.236539189896135], [115.34703962030375, 35.50434015723275]]]}}, {"type": "Feature", "properties": {"layer": "commandery", "id": "夷洲", "name": "夷洲", "state": "扬州", "faction": "wu"}, "geometry": {"type": "Polygon", "coordinates": [[[120.9652151511358, 25.01372552485803], [121.61904770923559, 25.27636451031924], [121.98121405632713, 24.97179303676974], [121.78535231427952, 24.860708553742896], [121.87202074862961, 24.497169323359245], [121.33710091741, 23.05934553163401], [121.16631758588915, 22.75810140351321], [120.9290149281785, 22.508913330704786], [120.87085839282861, 21.92028174121981], [120.72504191766927, 21.86862494945126], [120.61403943725816, 22.322198252896484], [120.27775352390887, 22.575351540660506], [120.09824479121534, 23.035726843288174], [120.10975362442014, 23.63966098592236], [120.59788146085714, 24.385005019426927], [120.90615826067454, 24.693669386093077], [120.9652151511358, 25.01372552485803]]]}}, {"type": "Feature", "properties": {"layer": "commandery", "id": "寿春", "name": "寿春", "state": "扬州", "faction": "contested"}, "geometry": {"type": "Polygon", "coordinates": [[[118.18170897313883, 33.21764225099058], [118.29886628699626, 32.9592608011085], [118.22185534906197, 32.919772969796284], [118.35732224554954, 32.71966350184883], [118.691034860083, 32.73486623032386], [118.79926039755213, 32.59892644398542], [118.60032167183783, 32.5942422887525], [118.59327235097675, 32.49213263181629], [118.67457721178681, 32.454873501768674], [118.69443160658136, 32.35234218637609], [118.62396172389296, 32.20706183316547], [118.52009040648585, 32.209549870394184], [118.49623523057129, 32.14538481497858], [118.38148109439663, 32.08915403731801], [118.30142724793745, 32.124325063054386], [117.5220523164586, 31.894884922229338], [116.76872309154527, 31.76662161387395], [115.93031455014312, 31.72771711890337], [115.85316750097297, 32.50702265352619], [115.98370803552234, 32.60258191415569], [116.0126743936255, 32.701159325380445], [115.81963220610692, 32.90317037172825], [116.37342739540054, 33.165328573556806], [116.55532500226991, 33.10346292539096], [116.57466314669807, 33.21137055806663], [117.71280979666795, 33.1281251720295], [117.93325815397031, 33.19988009714646], [118.03391389171617, 33.14310931191379], [118.18170897313883, 33.21764225099058]]]}}, {"type": "Feature", "properties": {"layer": "commandery", "id": "天水", "name": "天水", "state": "雍州", "faction": "wei"}, "geometry": {"type": "Polygon", "coordinates": [[[105.267133, 35.941142], [106.537708, 35.065589], [107.111696, 34.942343], [106.481981, 33.871101], [104.174884, 34.203592], [105.267133, 35.941142]]]}}, {"type": "Feature", "properties": {"layer": "commandery", "id": "襄阳", "name": "襄阳", "state": "荆州", "faction": "contested"}, "geometry": {"type": "Polygon", "coordinates": [[[111.57824937099787, 31.098216818455256], [111.09269487282228, 31.159796417777386], [110.76054874196132, 31.2760953181251], [110.2127085626218, 31.15910291038631], [110.10976822365774, 31.434542094544256], [109.73601489676236, 31.566378448038293], [109.543894600329, 31.75806252867534], [111.40392850092013, 32.43236030318036], [111.5782525834885, 32.619762853465765], [111.62728772518273, 32.62610660916009], [111.68958274556806, 32.62475146031949], [111.77300549468163, 32.51576113758492], [111.93821038820315, 32.50554225809039], [112.34786136390096, 32.16145990153568], [112.5372372926982, 32.213341792980515], [112.74965619043206, 32.09201601925619], [112.86624199697775, 32.07137079212494], [112.8176523445373, 31.963208379874473], [113.23894362699588, 31.693951768867308], [113.2241076636414, 31.212641161364374], [113.28395775736844, 31.10933508135626], [113.13731513377417, 31.01295927372999], [112.84553828055266, 31.170559469866646], [112.5921574517863, 31.178645453464995], [112.48489720402648, 31.26500228501098], [112.26187097922758, 31.27714636286612], [111.57824937099787, 31.098216818455256]]]}}, {"type": "Feature", "properties": {"layer": "commandery", "id": "汝南", "name": "汝南", "state": "豫州", "faction": "wei"}, "geometry": {"type": "Polygon", "coordinates": [[[113.50678595755488, 32.517341504896734], [113.41550347465801, 33.357245454092734], [113.471902070649, 33.58938344064926], [113.61208170526646, 33.5323857395929], [114.03216763654535, 33.57488307188596], [114.25801906875364, 33.2361025267971], [114.46131480176228, 33.45863571061342], [114.54298685134358, 33.47488871304695], [114.64756318984068, 33.63212754143364], [114.89960938986837, 33.484419426670826], [114.95387499721187, 33.17097092911369], [114.9069831966462, 32.97961986670515], [115.20795462782053, 32.83459799916754], [115.18678719342006, 32.63213607862774], [115.38599704620663, 32.568755780181235], [115.59073862759959, 32.42932811570185], [115.85892751826776, 32.51302109889177], [115.92957229997312, 31.73521500342112], [115.63516795213246, 31.748168828869154], [115.38722601811213, 31.52042334858868], [115.35385715809099, 31.4158152729985], [115.2311357988055, 31.393812518574705], [115.23211546268647, 31.537233652219044], [115.1474512574577, 31.586130571457247], [114.83274539139308, 31.466780289032855], [114.78212217631244, 31.520535814394975], [114.55051916161472, 31.557161906835034], [114.56612297066812, 31.744428086017678], [114.30644182917251, 31.755951142016173], [114.1643313350865, 31.84668187400689], [113.98757181995978, 31.75278380511803], [113.92118895117363, 31.869814511295388], [113.82964319448405, 31.872723128591716], [113.73332990044736, 32.117523289988966], [113.7550206699712, 32.32576397807195], [113.67248979597974, 32.42521710604281], [113.54825478569711, 32.323505171416855], [113.4123345614318, 32.28759283469087], [113.4085145914072, 32.38293729456572], [113.50678595755488, 32.517341504896734]]]}}, {"type": "Feature", "properties": {"layer": "commandery", "id": "永安", "name": "永安", "state": "益州", "faction": "shu"}, "geometry": {"type": "Polygon", "coordinates": [[[108.41071974964149, 30.423111899131456], [107.76417852790019, 30.65548257119238], [107.50725049982356, 30.826615196971417], [107.49786958022548, 31.213484968082966], [106.73775723899678, 31.865782989239918], [107.60130800304006, 31.925652967774425], [107.97776509876724, 32.15419636388221], [108.4301485477879, 32.269493593712085], [109.35863853469561, 31.703241176384765], [109.54824460561865, 31.753722400223573], [109.74335723235964, 31.56012773583788], [109.9552175686843, 31.513961880739373], [110.10976822365774, 31.434542094544256], [110.20234254194361, 31.160375790634504], [110.1185681905327, 31.099697425531375], [110.16275576803906, 30.959486883224244], [110.01713292561328, 30.796307466888862], [110.01270180278351, 30.87981569652763], [109.89334937422484, 30.898784875391584], [109.34540173792038, 30.503519897589683], [109.30554991054277, 30.636710220742785], [109.13322499991085, 30.51113416898859], [109.0885424619895, 30.564342504375162], [109.12420424520832, 30.613869332901544], [109.07069176512528, 30.651843247705585], [108.7696993023228, 30.495693985494697], [108.65804413600057, 30.5983806155906], [108.40956078994287, 30.464861220274727], [108.41071974964149, 30.423111899131456]]]}}, {"type": "Feature", "properties": {"layer": "commandery", "id": "汉中", "name": "汉中", "state": "益州", "faction": "shu"}, "geometry": {"type": "Polygon", "coordinates": [[[105.95351858052373, 31.718294859155634], [105.97110301963335, 32.321913363032465], [105.51966965095886, 32.78536631317061], [106.37371229304324, 33.49156936602077], [107.31455299836546, 33.74639714297274], [107.85743993364838, 33.67221534834292], [108.19970497043965, 33.38378533755936], [108.27366988792295, 32.94938876565969], [107.80536351596572, 32.32810197245975], [107.9762242949311, 32.1532609570445], [107.58732783930884, 31.92743197937972], [106.75204131668585, 31.876148329288696], [105.95351858052373, 31.718294859155634]]]}}, {"type": "Feature", "properties": {"layer": "commandery", "id": "武都", "name": "武都", "state": "雍州", "faction": "contested"}, "geometry": {"type": "Polygon", "coordinates": [[[104.170541, 34.204705], [106.46806517034948, 33.873106502203136], [106.384667, 33.500909], [104.78897, 32.160136], [104.12537105443536, 32.21177926686078], [103.292526, 32.784926], [104.170541, 34.204705]]]}}, {"type": "Feature", "properties": {"layer": "commandery", "id": "晋阳", "name": "晋阳", "state": "并州", "faction": "wei"}, "geometry": {"type": "Polygon", "coordinates": [[[110.671457, 37.49584], [112.211146, 38.112543], [112.809914, 38.928164], [113.804297, 38.990521], [113.815559, 38.729956], [113.6009563646561, 38.024398884850946], [113.56842, 38.017803], [113.7664344949784, 37.51936752860018], [113.384354, 37.11833], [112.094578, 37.14631], [111.796263, 36.528364], [110.414842, 36.749877], [110.671457, 37.49584]]]}}, {"type": "Feature", "properties": {"layer": "commandery", "id": "桂阳", "name": "桂阳", "state": "荆州", "faction": "wu"}, "geometry": {"type": "Polygon", "coordinates": [[[111.78200542640252, 24.79366906886348], [111.65219724258372, 24.762640319271583], [111.53716419405714, 24.661679407166503], [111.47703116187353, 24.68987347752092], [111.42158188157856, 25.114914332335374], [111.29130882269203, 25.174122006236374], [111.01686314056116, 24.91901490196348], [110.97229634909172, 25.072095030064006], [111.05944944012936, 25.224929258555207], [111.28303477527055, 25.429005658153585], [111.30131399627908, 25.68678910470392], [111.47358170108305, 25.869465975410463], [111.26597037330754, 25.865054858103278], [111.20738530246058, 26.03402722688965], [111.27077551119993, 26.13619268605217], [111.25730075554162, 26.242538919030267], [111.54119765375037, 26.246891788151842], [111.59822172540242, 26.418787983257516], [111.74936663744978, 26.58219498354221], [111.9932885050523, 26.456669229434084], [112.59820810928795, 26.613595330516773], [112.58655066794955, 26.889656759926623], [112.99835793563881, 27.019022971568674], [113.45139244328357, 26.809900411748018], [113.87377638964608, 27.025711096909177], [113.89224497427074, 26.919779275234333], [113.83432093071696, 26.809690254114898], [113.86966659526502, 26.63980278729626], [114.08591557835342, 26.563975467544836], [114.0165311740468, 26.25142146272914], [113.94474625588003, 26.177569024811945], [114.19083499469622, 26.211336677328347], [114.20760172956955, 26.134810540085226], [113.99185433763114, 26.02503688308383], [114.02345757616183, 25.883837304025917], [113.922913325011, 25.645606003874875], [113.9457355504083, 25.43119257027338], [113.50720199326565, 25.33971238167794], [113.25930621329326, 25.50052001094936], [112.89395357600847, 25.29691765582332], [113.00012504788742, 25.171616138163316], [113.0173491819283, 24.93113055298153], [112.83145933222403, 24.868541307615757], [112.68037981327035, 25.06616529316352], [112.23636839269614, 25.185099810424774], [111.986622887377, 24.732492268511734], [111.78200542640252, 24.79366906886348]]]}}, {"type": "Feature", "properties": {"layer": "commandery", "id": "谯郡", "name": "谯郡", "state": "豫州", "faction": "wei"}, "geometry": {"type": "Polygon", "coordinates": [[[117.7393726234721, 33.138535877269604], [116.57133847476013, 33.21893542185158], [116.53424554512458, 33.11063231206803], [116.37180587824201, 33.1697604725191], [115.81963220610692, 32.90317037172825], [116.00987643486542, 32.70408727902637], [115.97739199971403, 32.599429522487625], [115.83236732688482, 32.50816251219622], [115.6040546807559, 32.44206333767838], [115.19562284292772, 32.637180589362146], [115.20421830593955, 32.85129364836949], [114.91977536702979, 32.984947923966004], [114.95387499721187, 33.17097092911369], [114.91503530469726, 33.49009928188815], [114.64944728377014, 33.6313156478235], [114.53451689922002, 34.43652409532744], [114.8075634716342, 34.55207290887626], [115.66900915052832, 34.41588559829843], [116.75851960917308, 34.44931317820702], [116.84619730668481, 34.36623568493718], [116.94602459839984, 34.39304948908338], [117.03309693914184, 34.2276107386151], [117.02921071406467, 34.14192187456537], [117.18377722533023, 34.062538020326116], [117.33399060622045, 34.08190205838875], [117.41236520280557, 34.02380206805201], [117.51083170869663, 34.05856878968931], [117.54828325942731, 33.99495052991695], [117.64413261547973, 34.01811731276085], [117.6634069179018, 33.92706295338155], [117.74311770560678, 33.8797983210937], [117.7263123607886, 33.72302021567751], [118.13506659899447, 33.76055366930078], [118.17816392549793, 33.736419485379805], [118.10171294825005, 33.61003491238331], [118.11112682821641, 33.51680435079621], [117.99146249634879, 33.42304895548193], [117.93111247434211, 33.19998702287987], [117.7393726234721, 33.138535877269604]]]}}, {"type": "Feature", "properties": {"layer": "commandery", "id": "上庸", "name": "上庸", "state": "荆州", "faction": "contested"}, "geometry": {"type": "Polygon", "coordinates": [[[108.204350086202, 33.38594940770797], [107.9745255105066, 33.58621579576049], [109.0377382445825, 33.81610768939068], [110.1879240775956, 33.16762990655599], [110.53923492712192, 33.21937163559012], [110.649480585265, 33.09255572007727], [110.97701223058264, 33.2243583506704], [111.57223938408309, 32.61329852055578], [111.38699809874225, 32.43238579910059], [109.35277839151718, 31.706815065481543], [108.42774781695795, 32.276025979121485], [107.9762242949311, 32.1532609570445], [107.80536351596572, 32.32810197245975], [108.27366988792295, 32.94938876565969], [108.204350086202, 33.38594940770797]]]}}, {"type": "Feature", "properties": {"layer": "commandery", "id": "蓟城", "name": "蓟城", "state": "幽州", "faction": "wei"}, "geometry": {"type": "Polygon", "coordinates": [[[113.810747, 38.987558], [114.272192, 39.926311], [114.872803, 40.635943], [116.129227, 40.671032], [116.497734, 40.487775], [117.29178, 40.561138], [117.76537744110534, 39.999113445839555], [117.186492, 39.881154], [117.1508292040978, 39.64165350311747], [116.765341, 39.597788], [116.74125088929844, 38.83323444922393], [115.659818, 38.826207], [115.743171, 39.550447], [115.672979, 39.557212], [115.43043399953285, 39.29424362763578], [114.536748, 38.911598], [114.380897, 38.756124], [113.78875214302644, 38.64182209315324], [113.810747, 38.987558]]]}}, {"type": "Feature", "properties": {"layer": "commandery", "id": "吴郡", "name": "吴郡", "state": "扬州", "faction": "wu"}, "geometry": {"type": "Polygon", "coordinates": [[[120.21257440338519, 30.22603692644047], [119.30855316351517, 29.511258291556445], [118.50795242526863, 29.509246166069573], [118.17893326096913, 29.389485715953953], [118.32672614226163, 29.71267358550182], [118.76400891131749, 31.24371834795602], [119.33433465439066, 31.304608508705442], [119.97050572485523, 31.78172302144266], [120.00251948992891, 31.880442634767213], [120.11171277243392, 31.90698374252304], [120.08210513421824, 31.913442152350026], [120.5078640428697, 31.993613753950115], [120.87198527134342, 31.789264588176565], [121.11729075937126, 31.702071426195076], [121.68742751529476, 31.300555059124704], [122.02194928794893, 30.92492562143417], [121.65951086601177, 30.83521202767878], [121.15542132683396, 30.603012740732893], [120.93613807139644, 30.483422407140083], [120.84011415453597, 30.301860575981607], [120.62940336797448, 30.364479885578064], [120.21257440338519, 30.22603692644047]]]}}, {"type": "Feature", "properties": {"layer": "commandery", "id": "江夏", "name": "江夏", "state": "荆州", "faction": "contested"}, "geometry": {"type": "Polygon", "coordinates": [[[113.737340890869, 29.096958864278946], [113.63079072510698, 29.254751769607026], [113.74070839820303, 29.447031248748473], [113.64001939361117, 29.53928659132066], [113.72447067823185, 29.618029374134437], [113.58188998974339, 29.680560794246276], [113.55839983777736, 29.879790632255094], [113.36649835831923, 30.049182959687826], [113.07127182736218, 29.956981875598984], [113.03709429622597, 30.23123427838138], [113.0861542841468, 30.401425486058372], [113.13185898318557, 31.01590635604108], [113.28776849260345, 31.10787938371249], [113.58453808111636, 30.993529240080477], [113.71308633234241, 31.165758809915346], [114.03820376574913, 31.46955977137938], [114.02800544596435, 31.77357305728991], [114.1643313350865, 31.84668187400689], [114.3186356383685, 31.741296894616596], [114.56580588803638, 31.74062267845797], [114.55051916161472, 31.557161906835034], [114.78529684748766, 31.51716471051302], [114.83274539139308, 31.466780289032855], [115.1494511481976, 31.58497555564236], [115.2320969944837, 31.534529938598705], [115.2311357988055, 31.393812518574705], [115.3725446650406, 31.41195576373329], [115.5659945960727, 31.15605660505696], [115.69036829853695, 31.20476784006847], [116.0648638118654, 30.987466704956475], [115.87776167072622, 30.85396231188652], [115.75901639929054, 30.693388151618663], [115.92984322728438, 30.43216310529361], [115.89534473759602, 30.320893217636467], [116.05025496393017, 30.211804573267614], [116.15486144194318, 29.838733214771253], [116.28970045736793, 29.734537185458635], [116.21123103456966, 29.672436403818367], [115.97124621581963, 29.687765034315007], [115.50098542360536, 29.82936214181261], [115.35529847389785, 29.65069143909936], [115.11819229013315, 29.661378277742557], [115.1414568485082, 29.521397780396313], [114.87153384418644, 29.404989312528613], [114.57396942200717, 29.35790814557214], [114.27382224743582, 29.36627723204097], [114.26400872985391, 29.21925814781909], [114.07779531865424, 29.198695916310598], [113.94310640030653, 29.058750636219173], [113.737340890869, 29.096958864278946]]]}}, {"type": "Feature", "properties": {"layer": "commandery", "id": "长安", "name": "长安", "state": "雍州", "faction": "wei"}, "geometry": {"type": "Polygon", "coordinates": [[[109.227234, 35.038331], [110.26044421727296, 34.62574041942919], [110.622098, 33.87905], [111.02633097144425, 33.55079532094672], [110.96778508607069, 33.23373689209406], [110.661028, 33.097796], [110.548573, 33.231156], [110.1879240775956, 33.16762990655599], [109.024895, 33.81948], [107.971359, 33.596488], [107.871617, 33.679529], [107.310562, 33.746942], [106.38489235825199, 33.50191475082332], [106.468981, 33.850549], [107.12764089695975, 34.94769716783787], [108.102272, 35.012549], [108.534603, 35.318537], [108.543136, 35.619381], [109.227234, 35.038331]]]}}, {"type": "Feature", "properties": {"layer": "commandery", "id": "上党", "name": "上党", "state": "并州", "faction": "wei"}, "geometry": {"type": "Polygon", "coordinates": [[[113.546447, 36.945501], [113.395385, 36.747687], [113.44943760876842, 36.68509019918827], [113.409118, 36.540536], [113.708496, 36.412441], [113.746948, 36.235412], [113.562875263097, 35.62434004656424], [113.271789, 35.429344], [113.16133001924248, 35.424317287826284], [113.1174682982718, 35.33710033804549], [112.055558, 35.275826], [112.03757885057946, 35.04063146902524], [111.875343, 35.093186], [111.64827, 34.978089], [111.560668, 34.849875], [111.180106, 34.824858], [110.96285612273586, 34.7107893493195], [110.912475, 34.732584], [110.824562, 34.638177], [110.2415693402362, 34.633277701140706], [110.223083, 34.917466], [110.607604, 35.643905], [110.390453, 36.765704], [111.807861, 36.528398], [112.10191716325107, 37.14615078647163], [113.387145, 37.107765], [113.546447, 36.945501]]]}}, {"type": "Feature", "properties": {"layer": "commandery", "id": "广陵", "name": "广陵", "state": "徐州", "faction": "wu"}, "geometry": {"type": "MultiPolygon", "coordinates": [[[[119.38610022059159, 35.09674607239738], [119.38723517390179, 35.09913189878328], [119.39113865590508, 35.09843947644222], [119.38610022059159, 35.09674607239738]]], [[[119.19455750901813, 35.03236910169973], [119.19611223714054, 34.82842874360907], [119.45333648110534, 34.748024604310075], [119.49888887747107, 34.62435290301801], [119.9766989086163, 34.42902840940985], [119.90385799975576, 34.342547765107824], [120.062480133944, 34.38225452526716], [120.2474258691974, 34.30596376000824], [120.5693090474798, 33.71433064758723], [120.9467391750976, 32.89356646867735], [120.9917807152637, 32.58449749471549], [121.39418877454943, 32.399283238947476], [121.90922230503219, 31.832727483970316], [121.92002395727297, 31.6729599826664], [122.0353944474636, 31.462458004507226], [121.8702027357283, 31.42322181325602], [121.13707947196758, 31.68813531015252], [120.5078640428697, 31.993613753950115], [119.97760947635601, 31.956128741482644], [119.8949390323657, 32.20485033134865], [119.53916965097949, 32.41019340859819], [119.32401338928014, 32.78012045992445], [119.20987758866818, 32.674980679924985], [119.19841429010393, 32.561498203989515], [119.06142288263106, 32.47261517880489], [118.7887704829572, 32.59867945140936], [118.70715004758898, 32.73041009776327], [118.3228581149284, 32.758789803151565], [118.23646503888844, 32.927264177965746], [118.31018445404436, 32.958283340417125], [118.1829969617606, 33.21408234435207], [118.22523716020731, 33.35900818639702], [118.26965126773467, 33.228889056594284], [118.41902015369755, 33.2236159723482], [118.51943556624616, 33.33228797609536], [118.68074772168285, 33.34391740072455], [118.50962241730196, 33.45046994595752], [118.47595023221912, 33.57947884465379], [118.56708491616575, 33.63027445266009], [118.69982677297907, 33.44369797599259], [118.79283956526501, 33.425661105117356], [118.86319478801244, 33.35045736937195], [119.02732656077535, 33.60786468775271], [118.76368307618247, 34.142155090032375], [118.40230508075084, 34.432370771169126], [118.42020518203118, 34.62041824838953], [118.53896820877225, 34.7017196948327], [118.68862923537279, 34.686900460490364], [118.76263354522865, 34.7249172061543], [118.71534146042279, 34.763687617313394], [118.87994505267312, 35.02732783854499], [119.26335198476119, 35.12110701939851], [119.372351118299, 35.09212503749536], [119.19455750901813, 35.03236910169973]]]]}}, {"type": "Feature", "properties": {"layer": "commandery", "id": "成都", "name": "成都", "state": "益州", "faction": "shu"}, "geometry": {"type": "Polygon", "coordinates": [[[102.9960871802113, 32.06784429686978], [103.85370309024269, 31.694175876708137], [104.17982305841271, 31.459976355733676], [104.18632490440984, 31.326293961808318], [104.5100553879854, 31.302814121534567], [105.12350549282786, 31.10236711514264], [105.5784622578966, 30.492469726923332], [105.02697214083861, 29.549415594520752], [104.80638605468283, 29.339324520988143], [103.91724415336819, 29.207162237307656], [103.5387816961541, 29.424009937145144], [103.04259036891341, 29.99853491304384], [101.9663083857875, 29.993968593628992], [102.9960871802113, 32.06784429686978]]]}}, {"type": "Feature", "properties": {"layer": "commandery", "id": "庐江", "name": "庐江", "state": "扬州", "faction": "contested"}, "geometry": {"type": "Polygon", "coordinates": [[[116.49825197532931, 31.744042297331248], [117.5220523164586, 31.894884922229338], [118.2976219664032, 32.12265325031257], [118.37665477939929, 32.09127444072761], [118.3699742596163, 31.926368518813945], [118.66451914083083, 31.707765992181976], [118.64747676581521, 31.63959192398994], [118.73445247813413, 31.626605162090428], [118.76145595109773, 31.692022675684516], [118.83299010369137, 31.6132884821549], [118.82836625824547, 31.419935367860944], [118.74865491623052, 31.396665155467474], [118.70831786528106, 31.32857085143037], [118.7565896285742, 31.25743876921436], [118.17633515018667, 29.405016480429154], [118.03572483258023, 29.562403922727597], [117.50938729172839, 29.61697377048938], [117.39869225715609, 29.84287519904005], [117.23715748378407, 29.823313419532056], [117.17048817765618, 29.92771386348292], [117.08483674483625, 29.829431519854253], [117.10963502003716, 29.723399677605897], [116.77241110835695, 29.593187890038806], [116.65688053407825, 29.697647258948052], [116.88664376179065, 29.94771845952809], [116.7643541352142, 30.012286168111245], [116.28747315777728, 29.736258317674736], [116.15486144194318, 29.838733214771253], [116.05025496393017, 30.211804573267614], [115.901335879776, 30.31667422193746], [115.92984322728438, 30.43216310529361], [115.76375300785942, 30.68614502237861], [115.87202198331656, 30.84620077768088], [116.0648638118654, 30.987466704956475], [115.69036829853695, 31.20476784006847], [115.55721913841747, 31.170831684536246], [115.35405677710959, 31.416441058877133], [115.63839244409859, 31.74802695084869], [116.49825197532931, 31.744042297331248]]]}}, {"type": "Feature", "properties": {"layer": "commandery", "id": "长沙", "name": "长沙", "state": "荆州", "faction": "wu"}, "geometry": {"type": "Polygon", "coordinates": [[[113.46437305932187, 26.81881211309681], [112.99835793563881, 27.019022971568674], [112.58655066794955, 26.889656759926623], [112.57726081379104, 26.633676426314707], [112.00201315419977, 26.458591353424854], [111.74936663744978, 26.58219498354221], [111.59822172540242, 26.418787983257516], [111.5604546018867, 26.30494088948891], [111.48679231970857, 26.271007768543768], [111.28516610909924, 26.4024515592279], [111.16726826892426, 26.742056105425675], [111.29471282346975, 26.871678683030353], [111.44279133908998, 27.233003057678445], [111.53106512469049, 27.2622483963238], [111.54015571722158, 27.602288923558675], [111.20168559669241, 27.728249438689502], [111.07093566608842, 28.105047890173935], [111.07919395139697, 28.348860610107423], [110.97146317443196, 28.54050987499997], [111.50621093625182, 28.822708335235532], [111.51679390350307, 28.997340479508892], [111.59857338150766, 29.03711587371562], [111.70934760867056, 28.945484559120104], [111.98495893909745, 28.975508113697984], [112.26771366584876, 28.84157333881774], [112.3336543786238, 28.87583810084746], [112.47566649715412, 28.78780814106905], [112.59576639094041, 28.83646522232388], [112.8481791179687, 28.826634365867207], [112.96744809335797, 29.122466729889922], [113.09585726627154, 29.210056979625932], [113.09336567187859, 29.38315167854759], [113.57542671296972, 29.831089963429847], [113.56505917435749, 29.688937583635024], [113.72307570104927, 29.618641167394628], [113.63363194515443, 29.531367924731043], [113.73816481208306, 29.442581742126627], [113.62541600291183, 29.2637325306476], [113.73173003820227, 29.093218405349177], [113.94093117880158, 29.059154549195497], [114.1155750573842, 28.861725238386555], [114.14920504840563, 28.770585474316334], [114.08107396438157, 28.56587379259527], [114.18219214350944, 28.497075729669803], [114.25158541935792, 28.315623388815297], [114.00206639796056, 28.17235629916], [114.04197544576584, 28.06073446692963], [113.74504200959854, 27.940449809609774], [113.77320006255775, 27.821202194522925], [113.58468846801128, 27.543445230396614], [113.60591753857187, 27.375651695470097], [113.87431989185211, 27.38258455277004], [113.7795111809956, 27.115151137095296], [113.86878780001592, 27.033717158055623], [113.46437305932187, 26.81881211309681]]]}}, {"type": "Feature", "properties": {"layer": "commandery", "id": "北海", "name": "北海", "state": "青州", "faction": "wei"}, "geometry": {"type": "Polygon", "coordinates": [[[117.88174379169897, 36.61837564875056], [117.65106813455847, 37.271696445903586], [117.756958, 37.244541], [117.88373596872486, 37.25802484454218], [118.23677238307545, 37.393898851916106], [118.33548428070469, 37.59268157548617], [118.51390678276891, 37.598714964393196], [118.66505745043845, 37.727341989490775], [118.99495577976514, 37.79375179026282], [119.20864096282054, 37.76396380301695], [119.26938274905513, 37.85694175920082], [119.29595728053295, 37.75195812065745], [119.25799366413673, 37.64682531697298], [119.18965915462331, 37.712926198763924], [119.02641560411848, 37.71592938473448], [118.91252475492985, 37.520469255408855], [118.96947017952499, 37.30336033223193], [119.25799366413673, 37.19759413315677], [119.28456819561296, 37.137089670754804], [119.74390894600725, 37.13404704491073], [119.90332492320641, 37.2640507656489], [119.83124427172089, 37.3637314771685], [120.10074309325006, 37.451146717939906], [120.24503822544779, 37.68888749882082], [120.72711517806454, 37.832904230065296], [120.95491003014962, 37.808928802409795], [121.14474758249463, 37.70089031825388], [121.1826471005507, 37.5776039505574], [121.38775254396836, 37.61976707478], [121.50160241311096, 37.457193856257234], [122.11285761713731, 37.55659286995133], [122.30267193488157, 37.43912597388568], [122.70901528722317, 37.40819087257155], [122.55329621191851, 37.33274192030974], [122.6140802240592, 37.178693086307604], [122.462205307938, 37.118171199178036], [122.4774351506938, 37.02733646017518], [122.54958133291149, 37.02734423708523], [122.51543655572232, 36.89693883080959], [122.33318504584327, 36.830120552248815], [122.19661408651984, 36.85746962687564], [122.15484153887638, 36.975812837564064], [122.03340560948368, 36.90604536654685], [121.94985702841257, 36.939410392277026], [121.64239456247617, 36.80580789227676], [121.62726564790933, 36.751099870672775], [121.44128412757186, 36.76326311738494], [121.37296198344296, 36.70242556293984], [120.97443932109849, 36.57451213409993], [121.00860257506343, 36.49522027059436], [120.87955537334062, 36.376129163966155], [120.79984861360748, 36.45249065362731], [120.68217078939381, 36.37307817677704], [120.69727173267955, 36.13442642731634], [120.32919917518137, 36.048454864341934], [120.01796535697991, 35.72249769272452], [119.77504840505651, 35.5744476437245], [119.62063937031752, 35.58977929844561], [119.41920588938791, 35.703487746166516], [119.02615950773423, 35.812324812450086], [118.81879429784244, 35.60093135946765], [118.60995686450502, 35.79729792768097], [117.96589926414921, 35.72020952935582], [117.72255776982149, 36.192659192778095], [117.88174379169897, 36.61837564875056]]]}}, {"type": "Feature", "properties": {"layer": "commandery", "id": "建宁", "name": "建宁", "state": "益州", "faction": "shu"}, "geometry": {"type": "Polygon", "coordinates": [[[101.52019159858975, 24.229889514073705], [101.593211413468, 26.254986668147637], [101.80333556559884, 26.051849788644404], [102.09439113405512, 26.095379614563626], [102.43389928988734, 26.32017799770678], [102.70091201904762, 26.225738738483585], [103.02365442923588, 26.53765536019577], [103.2584214591999, 26.42148919394343], [103.48485641696169, 26.138703117798215], [104.69712597103899, 26.38531693525016], [104.42232474218218, 25.7536271295552], [104.26875212905327, 25.7536411016565], [104.36572811803268, 25.578835691139886], [104.85071378171182, 25.13337009281885], [104.50308032989432, 24.671424220438666], [103.75950506229572, 24.766858489266568], [103.78366734234385, 24.391965931598165], [104.16358300868626, 24.023311548554688], [103.91300393621964, 23.50545055650069], [103.48454389572885, 23.34966221073813], [102.821776624616, 23.661061247563055], [102.21560207222075, 23.17897393433897], [101.52019159858975, 24.229889514073705]]]}}, {"type": "Feature", "properties": {"layer": "commandery", "id": "会稽", "name": "会稽", "state": "扬州", "faction": "wu"}, "geometry": {"type": "Polygon", "coordinates": [[[118.87827261806109, 27.77754668390989], [118.8037255430906, 28.08859626651649], [118.68004756131211, 28.27893254463241], [118.47371150502204, 28.254179039629307], [118.44255417222905, 28.613487175348126], [118.31774972527086, 28.831921701635906], [118.0656235045459, 29.058528728866676], [118.05619838901646, 29.241391411969943], [118.18247811651364, 29.39077601616035], [118.48206554156855, 29.497203840581676], [119.30855316351517, 29.511258291556445], [120.21257440338519, 30.22603692644047], [120.62940336797448, 30.364479885578064], [120.83763424170371, 30.209531127385674], [121.31472491292038, 30.388451578114214], [121.74910414090118, 29.99670906219974], [122.16233633049762, 30.315653415220126], [122.4342532841145, 29.920559880245193], [122.0440199929858, 29.549772661842397], [121.9435597353177, 29.308929585156747], [121.98339421265945, 29.05109576860788], [121.61836212444382, 29.135258673947902], [121.69260222017289, 28.745451569310703], [121.5469054970971, 28.681500045925205], [121.59633680752455, 28.26565727872361], [121.46758945036294, 28.317408479160278], [121.31431157687052, 28.117361962916746], [121.15508587086208, 28.066967061286746], [121.18794603325671, 28.387572304989575], [120.99452455739356, 28.02931413756201], [121.1288617790537, 27.87007470944164], [121.0001087586225, 27.908749885079857], [120.73463296848104, 27.72867800414815], [120.68459924516691, 27.657774136826717], [120.64788787174024, 27.371579265085202], [120.56022856960931, 27.451455882811402], [120.5163683440918, 27.251562499827372], [120.41371269001093, 27.18152069217531], [120.25232177033303, 27.409780197236017], [120.03116915477193, 27.316396577638884], [119.76150885474425, 27.333873820288645], [119.59809719824813, 27.724881672936007], [119.28222089422968, 27.439482167579087], [118.8848304700964, 27.527037861794497], [118.87827261806109, 27.77754668390989]]]}}, {"type": "Feature", "properties": {"layer": "commandery", "id": "金城", "name": "金城", "state": "雍州", "faction": "wei"}, "geometry": {"type": "Polygon", "coordinates": [[[105.451988, 36.036886], [105.269032, 35.958894], [103.286354, 32.782407], [102.653589, 32.86723], [102.640066, 36.785117], [104.261456, 37.427134], [105.451988, 36.036886]]]}}, {"type": "Feature", "properties": {"layer": "commandery", "id": "江州", "name": "江州", "state": "益州", "faction": "shu"}, "geometry": {"type": "Polygon", "coordinates": [[[103.9555451935716, 29.210767129055583], [104.80638605468283, 29.339324520988143], [105.02697214083861, 29.549415594520752], [105.5784622578966, 30.492469726923332], [105.11459239837572, 31.101882689909658], [105.95359266435604, 31.722791543981078], [106.75238217540885, 31.87375549095016], [107.49797611721132, 31.20909137544057], [107.50725049982356, 30.826615196971417], [107.75094485479099, 30.655208966655792], [108.41914850616445, 30.41788052115389], [108.55011889987964, 30.269273123958072], [108.50186140661424, 29.887924122073642], [108.38490127237526, 29.846149982671648], [108.2537632280517, 29.072500287701075], [107.8201502450375, 28.952252326304787], [107.75156604807961, 29.163087410206913], [107.41393676571738, 29.180994331321315], [107.4276891782713, 28.904063770684346], [107.22139828963759, 28.759467356468633], [107.14548545691247, 28.898098969442245], [106.84873875719308, 28.74088677188358], [106.73919952749077, 28.499457121423276], [106.57405846408648, 28.505573430291776], [106.62193146424863, 28.662601972209345], [106.45656789243895, 28.795405443269473], [106.47069817119706, 28.547876166964514], [106.29845585714656, 28.499423506829572], [105.96715005932441, 28.75296015539925], [105.70553675405495, 28.577751274315403], [103.67744137659406, 28.215447882323204], [103.9555451935716, 29.210767129055583]]]}}, {"type": "Feature", "properties": {"layer": "commandery", "id": "江陵", "name": "江陵", "state": "荆州", "faction": "contested"}, "geometry": {"type": "Polygon", "coordinates": [[[113.1011800495282, 30.603440718143883], [113.03709429622597, 30.23123427838138], [113.06268256524851, 29.940441849844035], [113.36649835831923, 30.049182959687826], [113.56214024486673, 29.866980333219686], [113.04412109263939, 29.34842475159236], [112.80577233736773, 29.530766568064493], [112.79940188591172, 29.454591806773024], [112.91862285103065, 29.363845385683703], [112.82786657158613, 29.213523294870143], [112.97337550706976, 29.224240232945334], [112.84626367304008, 28.833427942517716], [112.59084898684807, 28.843270465325247], [112.46145743012572, 28.796616006284662], [112.33271524148847, 28.88577366529455], [112.26771366584876, 28.84157333881774], [111.99439999974356, 28.981679340073427], [111.69920743133399, 28.95387241072944], [111.59857338150766, 29.03711587371562], [111.51098511030966, 29.008317646719092], [111.5015512169553, 28.82242649102163], [110.97812067734554, 28.569924351255253], [110.40602691184728, 28.43451658802286], [110.38533461224625, 28.486153068390763], [109.97414969117096, 28.66734541347084], [109.7922568882405, 29.00110122434114], [109.42926123876055, 29.477593508852507], [109.22305631522676, 29.110338566147803], [109.13010458908303, 29.1878790528111], [109.0624619058101, 29.384596740673743], [108.92897002384501, 29.3601707038748], [108.50427852733617, 29.88416744968994], [108.55011889987964, 30.269273123958072], [108.41002057864398, 30.448298205906394], [108.6696685858414, 30.587689882504147], [108.7696993023228, 30.495693985494697], [109.07607377327554, 30.632101298802596], [109.11969756016777, 30.510086230271412], [109.30065615752852, 30.619453041798224], [109.34932071593101, 30.489764761144414], [109.89372257933077, 30.898725560348794], [110.0141168484591, 30.853147972845427], [110.01713292561328, 30.796307466888862], [110.16275576803906, 30.959486883224244], [110.1185681905327, 31.099697425531375], [110.1871739351064, 31.149389059633034], [110.76054874196132, 31.2760953181251], [111.09269487282228, 31.159796417777386], [111.57763768029241, 31.090084393524506], [112.29172971634398, 31.275520514477552], [112.48848865767312, 31.262110751903005], [112.56633107951706, 31.175863453285928], [112.84913278135815, 31.16714882191036], [113.11802228992272, 31.023380100267293], [113.1011800495282, 30.603440718143883]]]}}, {"type": "Feature", "properties": {"layer": "commandery", "id": "交趾", "name": "交趾", "state": "交州", "faction": "wu"}, "geometry": {"type": "Polygon", "coordinates": [[[105.876553, 22.9667], [106.20363, 22.98595], [106.282194, 22.870179], [106.570774, 22.920194], [106.785542, 22.839977], [106.721692, 22.59904], [106.611406, 22.588322], [106.556611, 22.425404], [106.696069, 22.223296], [106.696069, 21.960549], [106.965689, 21.969172], [107.067959, 21.908804], [107.016824, 21.82252], [107.216714, 21.714592], [107.309686, 21.731866], [107.374767, 21.619549], [107.759139, 21.632344], [108.077579, 21.534414], [106.783994, 20.765211], [106.025474, 19.944458], [105.639634, 18.843145], [107.023139, 17.133916], [106.500081, 16.976194], [103.882694, 19.288307], [104.4503, 20.428737], [104.844792, 21.389556], [105.101472, 21.736778], [104.868127, 22.202038], [105.148141, 22.676526], [105.474824, 22.644226], [105.276481, 22.902411], [105.468636, 23.194539], [105.876553, 22.9667]]]}}, {"type": "Feature", "properties": {"layer": "commandery", "id": "零陵", "name": "零陵", "state": "荆州", "faction": "contested"}, "geometry": {"type": "Polygon", "coordinates": [[[107.5587350694467, 23.986645821447894], [107.08397720133559, 24.411411939998445], [107.0549820630178, 24.74524766056372], [106.86804281154753, 25.154162993986503], [106.98668178653753, 25.295671104300453], [106.9465260540054, 25.430955576309955], [107.22009851838828, 25.56112683433581], [107.31416748814752, 25.47806900505921], [107.31668269212241, 25.38128198210279], [107.45754554316619, 25.34104670017676], [107.4761874574221, 25.255881899329225], [107.63087860086739, 25.32349076991551], [107.77116959669854, 25.151841713450693], [108.08725321072501, 25.209096790035332], [108.17567511807482, 25.41569741578064], [108.34398876568116, 25.51175111586052], [108.55684492140148, 25.342079836853657], [108.64843329774078, 25.540593086721117], [108.78250664722776, 25.62281532937712], [109.01399288056717, 25.543741022196272], [109.0788116471436, 25.69442998484999], [108.8853514388162, 25.673772983840834], [109.06815896652284, 25.79868081356014], [109.25071695386453, 25.729382915993824], [109.48011706831767, 26.011784325027946], [109.6650761904271, 26.030992981849735], [109.69464340116701, 25.92052585225187], [109.83514281334118, 25.871280359036277], [109.81642297722323, 26.027367595432352], [109.95532878612903, 26.1988330335152], [110.07314830832672, 26.17228202542303], [110.07756864258675, 26.040146124038245], [110.26478129733579, 25.936165332078417], [110.6200596286227, 26.335383129242985], [110.72484353967303, 26.271445955994295], [110.9579209117241, 26.342314229035864], [111.25954066908719, 26.224860945951757], [111.26481998611698, 26.12659421703377], [111.20738530246058, 26.03402722688965], [111.26597037330754, 25.865054858103278], [111.46736784626827, 25.869333949654397], [111.29700873789562, 25.681791205411756], [111.28370769593721, 25.470979995571653], [111.05944944012936, 25.224929258555207], [110.97229634909172, 25.072095030064006], [111.01686314056116, 24.91901490196348], [111.29411355064497, 25.169848449728036], [111.41534409927334, 25.102353312190104], [111.47703116187353, 24.68987347752092], [111.53716419405714, 24.661679407166503], [111.72298696036955, 24.772841847009218], [111.96775837237061, 24.725222588432075], [112.06338618812259, 24.384557475756836], [111.88027573962086, 24.272174663552903], [111.87623586947751, 23.936438637315817], [111.66054923652291, 23.811365327776713], [111.36089048995723, 23.424728614831153], [110.49241074928568, 23.555569664520434], [109.78598641651405, 23.26307098413261], [109.63341220915703, 23.06547362773567], [108.72377867098874, 23.189418009003717], [108.68191730503122, 23.576142050929462], [107.5587350694467, 23.986645821447894]]]}}, {"type": "Feature", "properties": {"layer": "commandery", "id": "越巂", "name": "越巂", "state": "益州", "faction": "shu"}, "geometry": {"type": "Polygon", "coordinates": [[[100.6877153083741, 27.944796805757548], [100.29630993002809, 27.750379469845996], [99.69781375244611, 28.853039729690323], [101.00537535969693, 30.045307200898904], [101.98368925483133, 30.028971996501916], [101.9663083857875, 29.993968593628992], [103.04259036891341, 29.99853491304384], [103.5387816961541, 29.424009937145144], [103.94412368108556, 29.19650332072034], [103.67517639669506, 28.223709907445894], [102.91748691867747, 27.376726015806824], [103.033105082369, 26.53297903855374], [102.68715778276257, 26.23060344995268], [102.43543803789737, 26.344697232300547], [102.08442035230347, 26.0938883996859], [101.81545898506681, 26.060239392568747], [101.57443042110009, 26.264313018133137], [101.65036622227427, 26.357155547676285], [100.6877153083741, 27.944796805757548]]]}}, {"type": "Feature", "properties": {"layer": "commandery", "id": "建安", "name": "建安", "state": "扬州", "faction": "wu"}, "geometry": {"type": "Polygon", "coordinates": [[[115.8336762748832, 25.208476192185714], [115.97588179647005, 25.307407117757194], [116.05245202382235, 25.712174686535377], [116.16184035977477, 25.820538260651816], [116.09620728340496, 25.91896491247128], [116.36967896847227, 25.98781478595032], [116.46812891100774, 26.125393458460266], [116.38061762357478, 26.233377089793052], [116.57751755315473, 26.40006442879512], [116.52282275485612, 26.86940896969699], [116.93850086011713, 27.015683097688807], [117.16821671389414, 27.278495572101875], [116.98225509177507, 27.676393952503886], [117.51826001424911, 27.93763700077993], [117.76985402951124, 27.81193176424057], [117.8136091472976, 27.92797254385397], [118.08708110702338, 27.985946111466134], [118.30585739370895, 28.227167968462282], [118.68004756131211, 28.27893254463241], [118.79810605548016, 28.092150362439355], [118.87467810476011, 27.763544794583552], [118.88561699170805, 27.52128756504989], [119.28222089422968, 27.439482167579087], [119.59701316587396, 27.7239022316185], [119.76150885474425, 27.333873820288645], [120.03116915477193, 27.316396577638884], [120.25232177033303, 27.409780197236017], [120.41103841587882, 27.185302989785416], [120.07696307866343, 26.88456258240275], [120.10299556105673, 26.643219466420362], [119.80151419315212, 26.475902086821236], [119.9574801214402, 26.326842185321652], [119.65599447879254, 26.247703044170095], [119.71318186483211, 25.939534603601473], [119.61960700893377, 25.710498775242655], [119.88990856331009, 25.583757180564746], [119.78594986867955, 25.400794691619055], [119.59883084735867, 25.349123997616203], [119.25057972812294, 25.452429051758642], [119.37532547421551, 25.26924141135781], [118.77757676023043, 24.755812966738574], [118.6320388268644, 24.538499784005054], [118.36241963858981, 24.386764483587072], [117.89165477535789, 24.39385328017812], [118.03829455814645, 24.189853986412487], [117.13561402769659, 23.6217665180136], [116.97653967091156, 23.8505605175487], [117.02314390710819, 24.111492197147285], [116.76467337121221, 24.675188324893], [116.51870576729607, 24.668001116366796], [116.4135828318827, 24.858748525976793], [115.88836936991913, 24.931042008667546], [115.8336762748832, 25.208476192185714]]]}}, {"type": "Feature", "properties": {"layer": "commandery", "id": "襄平", "name": "襄平", "state": "幽州", "faction": "wei"}, "geometry": {"type": "Polygon", "coordinates": [[[121.124715, 38.694715], [121.08588, 38.92562], [121.624145, 39.093831], [121.637878, 39.196076], [121.560974, 39.323674], [121.25885, 39.372525], [121.228637, 39.584523], [121.514282, 39.618383], [121.448364, 39.764214], [121.912536, 40.078071], [122.00592, 40.180971], [122.253112, 40.484559], [122.137756, 40.599356], [122.145996, 40.693134], [122.088317, 40.659805], [121.948242, 40.693134], [121.830027, 40.947293], [121.671296, 40.847863], [121.166471, 40.889595], [120.932461, 40.714251], [120.483536, 40.233486], [119.85421217348244, 39.97049582784396], [119.544064, 40.549912], [120.355679, 41.458256], [123.948411, 42.269701], [124.577232, 41.203053], [124.714873, 40.314537], [126.467957, 38.983903], [126.418832, 37.865252], [126.104167, 37.752848], [125.588295, 38.035888], [125.623848, 37.755814], [125.260838, 37.701531], [124.728785, 38.120665], [125.425003, 39.361101], [124.291261, 39.912299], [121.124715, 38.694715]]]}}, {"type": "Feature", "properties": {"layer": "commandery", "id": "南海", "name": "南海", "state": "交州", "faction": "wu"}, "geometry": {"type": "Polygon", "coordinates": [[[111.40089499145904, 23.43778190681529], [111.66054923652291, 23.811365327776713], [111.88378887194972, 23.92513117496911], [111.88004092658394, 24.25266037395356], [112.07101655884651, 24.365795939962027], [111.96342063450065, 24.7394293089049], [112.23636839269614, 25.185099810424774], [112.68037981327035, 25.06616529316352], [112.82981366048824, 24.867505425735672], [113.01706479992168, 24.894322969981587], [113.01706765618115, 25.153282546577643], [112.89395357600847, 25.29691765582332], [113.25930621329326, 25.50052001094936], [113.48021849979358, 25.331554718898985], [113.9532378118912, 25.438391988693553], [114.04196205037687, 25.287012688790554], [114.54459269872387, 25.384990712159478], [114.74169803569777, 25.23353935201237], [114.17992300086729, 24.64377562968106], [114.36716526957645, 24.53624339727179], [114.79093482717161, 24.59897866525958], [115.41176483134501, 24.76016348980022], [115.66798476987111, 24.607941894487695], [115.8454059504677, 24.563130490036173], [115.78629983603736, 24.76910689604577], [115.8454051942935, 24.912197277795812], [115.93472860698981, 24.924660849490486], [116.30857623191406, 24.83173075115596], [116.41159412813872, 24.85902226290493], [116.52542754613671, 24.643767065456046], [116.76467337121221, 24.675188324893], [117.02226045194041, 24.106545834764955], [116.95902716389867, 23.862076208590167], [117.11681000159149, 23.63654056177552], [117.13653946216056, 23.410633968440862], [116.71277063286703, 23.33826424613717], [116.51567160072, 22.966749016200325], [115.80610645321286, 22.757889827474656], [114.52493901014373, 22.484992385654678], [114.2884063159508, 22.403027191713306], [114.21942952496653, 22.25716328647846], [113.94347932189737, 22.28453409984317], [113.71683167206965, 22.71244545961079], [113.59857009590712, 22.54871401529728], [113.54929596202743, 22.092882703525618], [113.21422343568616, 21.882705003483352], [113.0861076158497, 22.12940549238273], [112.91857329591414, 21.827821725016406], [112.29770464511495, 21.7179983097285], [111.95277763350589, 21.809525107412057], [111.81480716047486, 21.96498283582585], [111.98233523360312, 22.348369333988174], [111.55857304210105, 22.757937045372216], [111.40089499145904, 23.43778190681529]]]}}, {"type": "Feature", "properties": {"layer": "commandery", "id": "武陵", "name": "武陵", "state": "荆州", "faction": "contested"}, "geometry": {"type": "Polygon", "coordinates": [[[106.7424447108462, 25.407639591207], [106.64379617477806, 26.623836784967835], [106.88563758716828, 27.677584705955866], [106.78061998500743, 28.590749771621116], [107.14548545691247, 28.898098969442245], [107.25009275912129, 28.71410390502652], [107.4484401305051, 28.88817019577688], [107.41473963611469, 29.164827033520137], [107.75156604807961, 29.163087410206913], [107.8201502450375, 28.952252326304787], [108.2537632280517, 29.072500287701075], [108.28699359422792, 29.26854303630704], [108.52504690337025, 29.85699648090099], [108.92897002384501, 29.3601707038748], [109.04562613178803, 29.362406198763523], [109.13010458908303, 29.1878790528111], [109.22305631522676, 29.110338566147803], [109.44520574875276, 29.4441015668217], [109.97414969117096, 28.66734541347084], [110.39150156105848, 28.437532874322343], [110.98065181048656, 28.55536009364708], [111.07093566608842, 28.105047890173935], [111.20168559669241, 27.728249438689502], [111.54015571722158, 27.602288923558675], [111.53163380559874, 27.283520338192314], [111.44279133908998, 27.233003057678445], [111.1647089665085, 26.730573659385897], [111.2779368142854, 26.402780338458868], [111.49338287361212, 26.26536340428848], [111.27850025608376, 26.248193546260694], [110.95045632456782, 26.375727379125877], [110.76732621278704, 26.28436301289813], [110.6200596286227, 26.335383129242985], [110.27091106724157, 25.954008517894977], [110.07750021921504, 26.04219148607786], [110.0839378059253, 26.16866279263799], [109.95532878612903, 26.1988330335152], [109.80623342396848, 26.023400993272233], [109.82242694160284, 25.875737312739712], [109.69464340116701, 25.92052585225187], [109.6611111796667, 26.034447151536924], [109.48852010057732, 26.03378338028928], [109.25071695386453, 25.729382915993824], [109.07719659663593, 25.817647158137234], [108.87507100536436, 25.697814411098975], [109.06586047788903, 25.693047104521916], [109.01399288056717, 25.543741022196272], [108.76211000582504, 25.632700860608907], [108.65021747569449, 25.56753751923496], [108.55827922378445, 25.345188615922776], [108.32459034407196, 25.544913830784978], [108.17038413303311, 25.445342526386526], [108.08725321072501, 25.209096790035332], [107.77116959669854, 25.151841713450693], [107.63087860086739, 25.32349076991551], [107.4761874574221, 25.255881899329225], [107.42606160808612, 25.386557055953887], [107.32060931468573, 25.380160403456035], [107.31769329080737, 25.483150501914054], [107.2202128711188, 25.599941496007133], [106.9571043971905, 25.467867919263185], [106.98668178653753, 25.295671104300453], [106.86139867202928, 25.181771684634867], [106.7424447108462, 25.407639591207]]]}}, {"type": "Feature", "properties": {"layer": "commandery", "id": "豫章", "name": "豫章", "state": "扬州", "faction": "wu"}, "geometry": {"type": "Polygon", "coordinates": [[[114.27042481741978, 29.240742532176995], [114.27375854770612, 29.365322928362758], [114.57919571844877, 29.357697990472474], [114.87153384418644, 29.404989312528613], [115.1414568485082, 29.521397780396313], [115.11819229013315, 29.661378277742557], [115.35529847389785, 29.65069143909936], [115.50098542360536, 29.82936214181261], [115.97124621581963, 29.687765034315007], [116.21123103456966, 29.672436403818367], [116.7643541352142, 30.012286168111245], [116.88664376179065, 29.94771845952809], [116.65083516640686, 29.690144164865828], [116.78097493038143, 29.573313566489162], [117.12815586474937, 29.732543835615417], [117.08559740564523, 29.826179105472683], [117.17184925299458, 29.925582494824212], [117.23715748378407, 29.823313419532056], [117.39869225715609, 29.84287519904005], [117.51062734312876, 29.615151176780728], [118.0379092398181, 29.559958879760902], [118.18239066997805, 29.39704624689412], [118.03623509353338, 29.211433398571288], [118.0656235045459, 29.058528728866676], [118.44255417222905, 28.613487175348126], [118.4698275965157, 28.2526555713181], [118.30585739370895, 28.227167968462282], [118.06241945136043, 27.9826326972416], [117.79251954712936, 27.917363004904672], [117.77610543343172, 27.829661351003267], [117.50983495440084, 27.940544275196075], [116.96919138633757, 27.68907682479555], [117.16821671389414, 27.278495572101875], [116.93850086011713, 27.015683097688807], [116.52282275485612, 26.86940896969699], [116.56218373384831, 26.393326514357526], [116.38061762357478, 26.233377089793052], [116.46678413608788, 26.123514205476127], [116.36006093596073, 25.98539332750436], [116.09620728340496, 25.91896491247128], [116.15728310478329, 25.82737254871371], [116.05245202382235, 25.712174686535377], [115.9598334433498, 25.309369458870307], [115.8336762748832, 25.208476192185714], [115.8914293369101, 24.93062081673947], [115.8454051942935, 24.912197277795812], [115.78629983603736, 24.76910689604577], [115.8454059504677, 24.563130490036173], [115.41176483134501, 24.76016348980022], [114.36188501868621, 24.539275817087155], [114.21158438294974, 24.625592667468737], [114.74169803569777, 25.23353935201237], [114.54459269872387, 25.384990712159478], [114.0428960351033, 25.300059684409376], [113.94516335906201, 25.43656827352317], [114.02345757616183, 25.883837304025917], [114.00282542231145, 26.031406511445837], [114.22171146764805, 26.143591450647676], [114.19083499469622, 26.211336677328347], [113.94635295644457, 26.17853725352859], [114.0165311740468, 26.25142146272914], [114.08591557835342, 26.563975467544836], [113.86966659526502, 26.63980278729626], [113.83432093071696, 26.809690254114898], [113.90736148675097, 26.911485222994486], [113.87377638964608, 27.025711096909177], [113.84595731357223, 27.01149736099485], [113.86878780001592, 27.033717158055623], [113.78065447834582, 27.117859450578997], [113.87431989185211, 27.38258455277004], [113.60957073784789, 27.37889397902532], [113.58468846801128, 27.543445230396614], [113.77320006255775, 27.821202194522925], [113.74738763492326, 27.939557937117883], [114.04197544576584, 28.06073446692963], [114.00547924624622, 28.1743158645614], [114.25158541935792, 28.315623388815297], [114.18219214350944, 28.497075729669803], [114.08879578215581, 28.589075335989918], [114.14920504840563, 28.770585474316334], [114.12457368010337, 28.86051696602027], [113.94093117880158, 29.059154549195497], [114.07779531865424, 29.198695916310598], [114.27042481741978, 29.240742532176995]]]}}, {"type": "Feature", "properties": {"layer": "commandery", "id": "合浦", "name": "合浦", "state": "交州", "faction": "wu"}, "geometry": {"type": "Polygon", "coordinates": [[[108.63412661808508, 19.317161126062146], [109.22974049625424, 19.849183821829683], [109.90195184715827, 20.278115797236595], [109.63988276659654, 21.157447730857186], [109.97957722821963, 21.376799050916063], [109.58796506801838, 21.510954592577676], [109.04922824017706, 21.498831992843208], [108.70334370867795, 21.66902424481411], [108.56311292782141, 22.008743439327247], [108.48587332287559, 21.673690850596927], [108.06293064570738, 21.538918815148463], [107.05602210404913, 21.802430307239874], [107.08587876919592, 21.96344435270032], [106.71074763740347, 22.00656448316839], [106.696069, 22.223296], [106.58234088235946, 22.409724086131675], [106.721692, 22.59904], [106.785542, 22.839977], [106.72935750272228, 22.89103277118508], [106.570774, 22.920194], [106.25111210282525, 22.91598092349956], [106.20363, 22.98595], [105.876553, 22.9667], [105.52463796835053, 23.18684809041926], [106.09163132834317, 23.44133007250973], [106.1942556780229, 23.841919870679945], [105.90216206332371, 24.149251367619982], [106.00464696427349, 24.25607053500366], [107.04657098545368, 24.439188953455556], [107.5587350694467, 23.986645821447894], [108.68191730503122, 23.576142050929462], [108.72377867098874, 23.189418009003717], [109.63341220915703, 23.06547362773567], [109.78598641651405, 23.26307098413261], [110.49202006881418, 23.555407901233036], [111.34138617817362, 23.42766704218613], [111.55857304210105, 22.757937045372216], [111.98233523360312, 22.348369333988174], [111.81210185049662, 22.021486158429042], [111.81480716047486, 21.96498283582585], [111.95415594725483, 21.79753310313447], [111.9318924706181, 21.56741820123868], [110.68214683440414, 21.364421127665295], [110.49715235802915, 20.96413065865778], [110.17597076754402, 21.00343808264168], [110.48836233778138, 20.514832607893467], [110.64228795092231, 20.12542694719285], [111.02929394816312, 19.626589473484486], [110.6313961142381, 19.424476370483646], [110.43372961515979, 18.726751325207346], [109.43109181296353, 18.182601310075327], [108.64236457959794, 18.473199406438155], [108.63412661808508, 19.317161126062146]]]}}, {"type": "Feature", "properties": {"layer": "commandery", "id": "牂牁", "name": "牂牁", "state": "益州", "faction": "shu"}, "geometry": {"type": "Polygon", "coordinates": [[[106.77603966887648, 28.530072013600858], [106.88563758716828, 27.677584705955866], [106.63804173487887, 26.60848401344174], [106.72681606100332, 25.404025777241216], [107.0549820630178, 24.74524766056372], [107.07171681040182, 24.47475577630128], [106.00464696427349, 24.25607053500366], [105.90216206332371, 24.149251367619982], [106.1942556780229, 23.841919870679945], [106.09611143920665, 23.493476873030886], [105.468636, 23.194539], [105.27214811902763, 22.891692839902817], [104.86373696883544, 22.936511468573784], [104.32724143215012, 22.726107821244227], [104.14035835052505, 22.812830985114047], [103.93098354249884, 22.557564767758322], [103.61460150879543, 22.862155859193393], [102.46788291919131, 22.69614923341335], [102.21702777645646, 23.140480024264804], [102.84710834056573, 23.64915922359223], [103.48454389572885, 23.34966221073813], [103.96282074103385, 23.52281757344072], [104.17194861735703, 24.024499848772223], [103.82989179379962, 24.367988939835797], [103.79240706211101, 24.74527512368053], [104.50308032989432, 24.671424220438666], [104.9109168823453, 25.13769324628103], [104.28416452575658, 25.725859272761316], [104.48476531308836, 25.74800525016137], [104.69712597103899, 26.38531693525016], [103.50888482799058, 26.147316071192137], [103.2584214591999, 26.42148919394343], [103.05085303602402, 26.536784488088742], [102.94177272369836, 27.36763740876829], [103.72023290322669, 28.222332820906153], [105.72551970427008, 28.561636481899257], [105.98812241063705, 28.736910754213447], [106.29845585714656, 28.499423506829572], [106.73919952749077, 28.499457121423276], [106.77603966887648, 28.530072013600858]]]}}, {"type": "Feature", "properties": {"layer": "commandery", "id": "武威", "name": "武威", "state": "凉州", "faction": "wei"}, "geometry": {"type": "Polygon", "coordinates": [[[92.921225, 40.627922], [93.763576, 40.608546], [96.181331, 40.768259], [97.535073, 41.070706], [100.55679, 42.754611], [101.537858, 42.571678], [99.838713, 40.956448], [100.298177, 40.666656], [99.506878, 39.946432], [101.702095, 38.722411], [102.442343, 39.238319], [104.024942, 39.514556], [104.203622, 38.941138], [103.386797, 38.001887], [104.24429291825646, 37.420337985314], [102.621024, 36.785147], [101.931827, 37.739938], [98.792156, 39.020509], [96.954299, 39.218546], [96.571412, 38.262903], [94.866434, 38.926348], [92.778293, 39.316015], [92.921225, 40.627922]]]}}, {"type": "Feature", "properties": {"layer": "commandery", "id": "永昌", "name": "永昌", "state": "益州", "faction": "shu"}, "geometry": {"type": "Polygon", "coordinates": [[[100.29201794808824, 27.75639064890619], [100.6865410022408, 27.935192145754172], [101.65036622227427, 26.357155547676285], [101.57443042110009, 26.264313018133137], [101.51263296280354, 24.236167034506025], [102.42397141704384, 22.73371129764071], [102.19997896701045, 22.39465829818994], [101.73896164581879, 22.480093633124483], [101.58704934525429, 22.18383522447388], [101.76841209145505, 21.165051832881886], [101.22717590321656, 21.33624893592838], [101.15363717409838, 21.741701240960026], [100.21201952706139, 21.475047797666207], [99.97974064066744, 22.008853830494672], [99.28468233610613, 22.173241314052916], [99.51594492830469, 23.02015797549302], [98.89089129938299, 23.25359030777578], [98.8811958877422, 24.183541862421464], [97.72853488588856, 23.897860399090746], [97.02514262257154, 23.620584119247482], [96.72227790384198, 24.03151069044611], [96.62467356239222, 24.414562330565175], [95.82381376118343, 24.938207398394], [96.02885214748608, 25.106333145268977], [95.98005066075922, 25.600618174259907], [96.20479016635392, 25.6182673024463], [96.25369578936721, 26.91447443038112], [98.31493497917029, 27.54840411406964], [97.6613135426793, 28.505040972386638], [97.57333932409324, 28.556536931666727], [97.12444680792635, 29.103877452848508], [96.87081830037403, 30.046271224258746], [97.83721769655995, 29.70773393252655], [98.57917123023395, 29.665363631129424], [99.07709471506888, 29.995693620005042], [99.00876521901131, 29.63141929784149], [99.1648113281787, 28.39348283721104], [99.33081156471383, 28.23015323106793], [99.41873357846902, 28.556527971565075], [99.71073658113924, 28.82923090654584], [100.29201794808824, 27.75639064890619]]]}}]}